repo_full_name,adoption_date,status,created_at,has_post_window,has_pre_window
killme2008/aviatorscript,2023-05-15 00:00:00+00:00,ok,2011-03-29 12:48:47+00:00,True,True
albertlauncher/albert,2023-05-05 00:00:00+00:00,ok,2014-07-25 14:08:30+00:00,True,True
psf/requests,2020-10-01 00:00:00+00:00,ok,2011-02-13 18:38:17+00:00,True,True
wangeditor-team/wangEditor,2021-07-25 00:00:00+00:00,ok,2014-11-06 09:26:47+00:00,True,True
Kotlin/dokka,2020-05-19 00:00:00+00:00,ok,2014-07-12 09:15:22+00:00,True,True
Shopify/shopify_app,2020-05-23 00:00:00+00:00,ok,2008-10-09 15:10:52+00:00,True,True
php-embed/Embed,2021-04-04 00:00:00+00:00,ok,2012-10-09 21:14:58+00:00,True,True
dotnet/machinelearning,2023-12-01 00:00:00+00:00,ok,2018-05-03 16:20:42+00:00,True,True
QueueClassic/queue_classic,2022-05-18 00:00:00+00:00,ok,2011-01-26 04:50:39+00:00,True,True
endless-sky/endless-sky,2020-01-19 00:00:00+00:00,ok,2015-03-14 20:44:39+00:00,True,True
apache/hudi,2020-07-23 00:00:00+00:00,ok,2016-12-14 15:53:41+00:00,True,True
gruns/icecream,2022-11-12 00:00:00+00:00,ok,2018-02-13 18:56:12+00:00,True,True
hirschmann/nbfc,2019-11-15 00:00:00+00:00,ok,2015-02-24 19:07:44+00:00,True,True
sorbet/sorbet,2025-02-18 00:00:00+00:00,ok,2018-06-26 18:13:06+00:00,True,True
bytedance/xgplayer,2023-01-07 00:00:00+00:00,ok,2018-05-16 12:01:55+00:00,True,True
lihenggui/blocker,2022-03-05 00:00:00+00:00,ok,2017-12-26 11:45:16+00:00,True,True
Sonarr/Sonarr,2021-01-21 00:00:00+00:00,ok,2011-09-27 05:57:16+00:00,True,True
ruflin/Elastica,2020-12-01 00:00:00+00:00,ok,2010-10-19 17:04:21+00:00,True,True
spatie/laravel-translatable,2020-01-20 00:00:00+00:00,ok,2016-04-07 11:49:51+00:00,True,True
greenshot/greenshot,2025-05-16 00:00:00+00:00,ok,2015-06-02 19:34:01+00:00,True,True
stakater/Reloader,2021-01-18 00:00:00+00:00,ok,2018-07-04 13:42:50+00:00,True,True
mmp/pbrt-v4,2020-08-19 00:00:00+00:00,ok,2017-07-28 14:11:20+00:00,True,True
FRRouting/frr,2022-05-23 00:00:00+00:00,ok,2016-12-15 21:56:38+00:00,True,True
verdaccio/verdaccio,2019-10-01 00:00:00+00:00,ok,2016-04-15 16:21:12+00:00,True,True
termux/termux-x11,2021-08-26 00:00:00+00:00,ok,2019-08-25 23:51:04+00:00,True,True
spinnaker/spinnaker,2020-02-03 00:00:00+00:00,ok,2014-07-02 19:02:36+00:00,True,True
geokit/geokit,2021-07-27 00:00:00+00:00,ok,2008-12-01 05:49:32+00:00,True,True
ClosureTree/closure_tree,2021-01-09 00:00:00+00:00,ok,2011-05-18 06:28:17+00:00,True,True
rubocop/rubocop,2020-04-20 00:00:00+00:00,ok,2012-04-21 10:09:58+00:00,True,True
airbnb/lottie-android,2020-02-05 00:00:00+00:00,ok,2016-10-06 22:42:42+00:00,True,True
kpcyrd/sn0int,2021-03-07 00:00:00+00:00,ok,2018-10-05 00:10:47+00:00,True,True
betaflight/betaflight,2020-12-16 00:00:00+00:00,ok,2015-06-08 10:37:44+00:00,True,True
SpartnerNL/Laravel-Excel,2020-06-26 00:00:00+00:00,ok,2013-11-09 15:28:40+00:00,True,True
meilisearch/meilisearch,2019-11-25 00:00:00+00:00,ok,2018-04-23 11:45:28+00:00,True,True
godotengine/godot,2020-07-12 00:00:00+00:00,ok,2014-01-04 16:05:36+00:00,True,True
developit/microbundle,2020-01-08 00:00:00+00:00,ok,2017-12-11 21:51:02+00:00,True,True
jmespath/jmespath.php,2020-07-14 00:00:00+00:00,ok,2013-07-06 18:23:02+00:00,True,True
google-deepmind/lab,2020-11-17 00:00:00+00:00,ok,2016-11-30 13:41:26+00:00,True,True
loomio/loomio,2021-07-23 00:00:00+00:00,ok,2011-11-08 03:27:12+00:00,True,True
erebe/wstunnel,2020-01-04 00:00:00+00:00,ok,2016-05-14 23:58:43+00:00,True,True
libbpf/libbpf,2021-06-15 00:00:00+00:00,ok,2018-10-10 00:24:34+00:00,True,True
pulldown-cmark/pulldown-cmark,2024-03-01 00:00:00+00:00,ok,2015-06-03 16:12:34+00:00,True,True
sockjs/sockjs-client,2020-08-02 00:00:00+00:00,ok,2011-07-22 14:12:01+00:00,True,True
php/php-src,2021-12-04 00:00:00+00:00,ok,2011-06-16 01:52:25+00:00,True,True
chocolatey/choco,2021-04-19 00:00:00+00:00,ok,2014-12-30 22:12:11+00:00,True,True
kubernetes-sigs/kustomize,2020-05-06 00:00:00+00:00,ok,2018-05-11 17:09:33+00:00,True,True
ankane/ahoy,2020-11-19 00:00:00+00:00,ok,2014-02-26 08:42:22+00:00,True,True
brooklynDev/airborne,2023-01-12 00:00:00+00:00,ok,2014-09-12 16:48:34+00:00,True,True
zeromq/libzmq,2020-04-20 00:00:00+00:00,ok,2009-07-29 09:56:41+00:00,True,True
rumboalla/apkupdater,2019-11-29 00:00:00+00:00,ok,2016-08-21 09:18:13+00:00,True,True
super-productivity/super-productivity,2020-10-01 00:00:00+00:00,ok,2017-01-06 22:30:58+00:00,True,True
getsops/sops,2021-01-05 00:00:00+00:00,ok,2015-08-13 22:11:00+00:00,True,True
emirpasic/gods,2022-04-13 00:00:00+00:00,ok,2015-03-04 14:19:52+00:00,True,True
roots/sage,2019-09-02 00:00:00+00:00,ok,2011-01-29 03:12:09+00:00,True,True
cloudfoundry/bosh,2024-08-29 00:00:00+00:00,ok,2012-04-02 18:52:32+00:00,True,True
gonglei007/GameDevMind,2025-05-01 00:00:00+00:00,ok,2022-06-22 01:22:57+00:00,True,True
hrydgard/ppsspp,2020-12-31 00:00:00+00:00,ok,2012-11-01 08:41:48+00:00,True,True
ARMmbed/DAPLink,2021-10-23 00:00:00+00:00,ok,2014-09-28 21:38:24+00:00,True,True
Dolibarr/dolibarr,2020-02-10 00:00:00+00:00,ok,2011-06-26 21:55:03+00:00,True,True
flowable/flowable-engine,2019-08-23 00:00:00+00:00,ok,2016-10-13 07:21:43+00:00,True,True
robertdavidgraham/masscan,2023-04-05 00:00:00+00:00,ok,2013-07-28 05:35:33+00:00,True,True
spatie/laravel-sluggable,2019-12-06 00:00:00+00:00,ok,2015-12-23 21:49:47+00:00,True,True
Zylann/godot_voxel,2020-09-07 00:00:00+00:00,ok,2016-05-01 21:44:28+00:00,True,True
WSTxda/SwitchAI,2025-05-25 00:00:00+00:00,ok,2024-02-03 03:07:35+00:00,True,True
caarlos0/env,2020-06-23 00:00:00+00:00,ok,2015-07-28 02:14:37+00:00,True,True
tmux/tmux,2021-06-10 00:00:00+00:00,ok,2015-06-03 23:32:55+00:00,True,True
t1m0thyj/WinDynamicDesktop,2020-10-23 00:00:00+00:00,ok,2018-06-08 23:32:27+00:00,True,True
desktop/desktop,2020-04-28 00:00:00+00:00,ok,2016-05-11 15:59:00+00:00,True,True
PHPMailer/PHPMailer,2019-10-02 00:00:00+00:00,ok,2011-08-23 07:57:17+00:00,True,True
TiddlyWiki/TiddlyWiki5,2020-08-28 00:00:00+00:00,ok,2011-11-22 14:26:07+00:00,True,True
JabRef/jabref,2019-09-26 00:00:00+00:00,ok,2014-03-11 14:48:42+00:00,True,True
btcsuite/btcd,2020-05-13 00:00:00+00:00,ok,2013-08-06 18:10:52+00:00,True,True
qgis/QGIS,2019-11-19 00:00:00+00:00,ok,2011-05-02 08:06:26+00:00,True,True
protobuf-net/protobuf-net,2020-01-26 00:00:00+00:00,ok,2014-06-16 09:05:30+00:00,True,True
ElementsProject/lightning,2021-01-28 00:00:00+00:00,ok,2015-06-13 00:04:22+00:00,True,True
google/go-github,2019-11-14 00:00:00+00:00,ok,2013-05-24 16:42:58+00:00,True,True
mstange/samply,2022-07-14 00:00:00+00:00,ok,2020-05-25 18:30:46+00:00,True,True
google/bloaty,2021-07-30 00:00:00+00:00,ok,2016-11-07 17:04:01+00:00,True,True
fwcd/kotlin-language-server,2020-12-27 00:00:00+00:00,ok,2018-05-28 12:40:14+00:00,True,True
google/tarpc,2019-12-06 00:00:00+00:00,ok,2016-02-11 01:07:24+00:00,True,True
nothings/stb,2021-07-07 00:00:00+00:00,ok,2014-05-25 16:51:23+00:00,True,True
boostorg/beast,2021-03-18 00:00:00+00:00,ok,2013-06-16 22:26:09+00:00,True,True
hickory-dns/hickory-dns,2019-12-12 00:00:00+00:00,ok,2015-08-08 02:47:12+00:00,True,True
jemalloc/jemalloc,2023-06-23 00:00:00+00:00,ok,2013-10-03 21:37:32+00:00,True,True
twilio/twilio-php,2021-11-01 00:00:00+00:00,ok,2009-09-06 23:41:16+00:00,True,True
shikijs/shiki,2020-08-03 00:00:00+00:00,ok,2018-10-29 22:16:21+00:00,True,True
sabre-io/Baikal,2021-11-03 00:00:00+00:00,ok,2012-02-27 20:22:55+00:00,True,True
react/create-react-app,2019-10-22 00:00:00+00:00,ok,2016-07-17 14:55:11+00:00,True,True
picocms/Pico,2021-03-09 00:00:00+00:00,ok,2012-04-04 13:46:20+00:00,True,True
Zettlr/Zettlr,2020-01-24 00:00:00+00:00,ok,2017-12-26 18:34:19+00:00,True,True
interagent/prmd,2025-02-06 00:00:00+00:00,ok,2013-12-19 17:45:58+00:00,True,True
w7corp/easywechat,2019-08-13 00:00:00+00:00,ok,2015-01-26 03:30:40+00:00,True,True
shuding/nextra,2022-07-05 00:00:00+00:00,ok,2020-06-15 16:39:34+00:00,True,True
libfuse/libfuse,2023-02-20 00:00:00+00:00,ok,2015-12-19 20:27:34+00:00,True,True
markdownlint/markdownlint,2020-08-08 00:00:00+00:00,ok,2014-06-01 23:05:35+00:00,True,True
strimzi/strimzi-kafka-operator,2019-09-09 00:00:00+00:00,ok,2016-05-06 08:52:33+00:00,True,True
badoo/MVICore,2022-08-03 00:00:00+00:00,ok,2018-03-12 21:50:29+00:00,True,True
watchexec/watchexec,2021-04-10 00:00:00+00:00,ok,2016-09-18 20:41:31+00:00,True,True
memononen/nanovg,2020-12-25 00:00:00+00:00,ok,2013-11-12 07:45:10+00:00,True,True
realm/realm-java,2020-02-05 00:00:00+00:00,ok,2012-04-20 09:18:42+00:00,True,True
go-shiori/shiori,2020-08-06 00:00:00+00:00,ok,2018-01-23 13:57:11+00:00,True,True
ktorio/ktor-samples,2021-11-12 00:00:00+00:00,ok,2018-01-23 13:25:12+00:00,True,True
spf13/afero,2022-07-14 00:00:00+00:00,ok,2014-10-28 14:19:05+00:00,True,True
uxlfoundation/oneTBB,2021-05-07 00:00:00+00:00,ok,2016-09-07 20:42:19+00:00,True,True
spockframework/spock,2020-06-16 00:00:00+00:00,ok,2010-12-12 19:02:34+00:00,True,True
borisdj/EFCore.BulkExtensions,2022-04-18 00:00:00+00:00,ok,2017-05-12 13:50:07+00:00,True,True
LuckyPennySoftware/AutoMapper,2020-07-01 00:00:00+00:00,ok,2010-02-06 15:17:58+00:00,True,True
thiagoalessio/tesseract-ocr-for-php,2020-12-06 00:00:00+00:00,ok,2012-04-08 04:20:07+00:00,True,True
TheAlgorithms/C-Sharp,2019-12-04 00:00:00+00:00,ok,2016-07-29 06:04:43+00:00,True,True
twigphp/Twig,2020-11-05 00:00:00+00:00,ok,2009-10-07 21:23:38+00:00,True,True
icsharpcode/SharpZipLib,2020-08-15 00:00:00+00:00,ok,2010-08-28 18:19:01+00:00,True,True
aws/aws-sdk-php,2020-05-05 00:00:00+00:00,ok,2012-10-17 21:28:32+00:00,True,True
fw876/helloworld,2021-11-14 00:00:00+00:00,ok,2020-04-16 04:02:31+00:00,True,True
YenalyLiew/Han1meViewer,2024-03-20 00:00:00+00:00,ok,2022-08-12 10:34:37+00:00,True,True
ggerganov/kbd-audio,2020-01-12 00:00:00+00:00,ok,2018-08-27 17:19:02+00:00,True,True
esphome/esphome,2020-07-12 00:00:00+00:00,ok,2018-04-06 23:23:25+00:00,True,True
odriverobotics/ODrive,2020-06-04 00:00:00+00:00,ok,2016-04-25 17:26:04+00:00,True,True
jaredpalmer/razzle,2019-11-13 00:00:00+00:00,ok,2016-02-10 18:34:27+00:00,True,True
apereo/cas,2020-05-15 00:00:00+00:00,ok,2011-09-09 01:36:42+00:00,True,True
ent/ent,2020-06-17 00:00:00+00:00,ok,2019-06-12 22:53:55+00:00,True,True
rgeo/rgeo,2021-01-16 00:00:00+00:00,ok,2010-10-19 05:07:01+00:00,True,True
visualboyadvance-m/visualboyadvance-m,2021-10-03 00:00:00+00:00,ok,2015-06-10 23:43:02+00:00,True,True
rwv/chinese-dos-games,2021-06-21 00:00:00+00:00,ok,2018-08-30 14:12:12+00:00,True,True
trekhleb/javascript-algorithms,2020-12-15 00:00:00+00:00,ok,2018-03-24 07:47:04+00:00,True,True
jamesmh/coravel,2021-06-23 00:00:00+00:00,ok,2018-06-12 17:17:49+00:00,True,True
activerecord-hackery/ransack,2020-12-01 00:00:00+00:00,ok,2011-03-31 00:34:25+00:00,True,True
mikepenz/FastAdapter,2020-01-20 00:00:00+00:00,ok,2015-12-28 11:05:32+00:00,True,True
dotnetcore/FreeSql,2020-10-23 00:00:00+00:00,ok,2018-12-18 03:02:51+00:00,True,True
KhronosGroup/Vulkan-Samples,2020-11-05 00:00:00+00:00,ok,2019-10-29 16:10:56+00:00,True,True
tasks/tasks,2021-01-20 00:00:00+00:00,ok,2013-07-18 19:44:38+00:00,True,True
acidanthera/WhateverGreen,2020-12-03 00:00:00+00:00,ok,2017-07-26 22:40:14+00:00,True,True
sparklemotion/nokogiri,2019-09-18 00:00:00+00:00,ok,2008-07-14 15:34:32+00:00,True,True
redmine/redmine,2024-05-04 00:00:00+00:00,ok,2012-11-19 22:47:09+00:00,True,True
rjaros/kvision,2020-12-26 00:00:00+00:00,ok,2018-02-09 00:32:45+00:00,True,True
rubysherpas/paranoia,2021-11-04 00:00:00+00:00,ok,2010-09-12 08:57:53+00:00,True,True
Netflix/eureka,2021-08-17 00:00:00+00:00,ok,2012-07-26 22:23:07+00:00,True,True
google/j2objc,2021-08-31 00:00:00+00:00,ok,2014-01-30 20:19:56+00:00,True,True
ranaroussi/yfinance,2021-03-03 00:00:00+00:00,ok,2017-05-21 10:16:15+00:00,True,True
egulias/EmailValidator,2023-01-02 00:00:00+00:00,ok,2013-05-19 15:23:00+00:00,True,True
berstend/puppeteer-extra,2020-07-13 00:00:00+00:00,ok,2018-05-15 20:02:21+00:00,True,True
beefproject/beef,2021-10-14 00:00:00+00:00,ok,2011-11-23 06:53:25+00:00,True,True
KDAB/hotspot,2022-04-10 00:00:00+00:00,ok,2016-12-20 17:38:04+00:00,True,True
quantopian/zipline,2020-08-17 00:00:00+00:00,ok,2012-10-19 15:50:29+00:00,True,True
espanso/espanso,2021-10-02 00:00:00+00:00,ok,2019-08-30 07:16:58+00:00,True,True
mikepenz/AboutLibraries,2020-01-18 00:00:00+00:00,ok,2014-04-22 10:01:06+00:00,True,True
highcharts/highcharts,2022-09-12 00:00:00+00:00,ok,2010-06-11 12:23:53+00:00,True,True
Lambada10/SongSync,2024-07-15 00:00:00+00:00,ok,2023-05-31 07:39:12+00:00,True,True
gerardog/gsudo,2022-04-17 00:00:00+00:00,ok,2019-11-07 14:10:34+00:00,True,True
nickel-lang/nickel,2021-01-15 00:00:00+00:00,ok,2019-01-08 21:43:11+00:00,True,True
docker/compose,2020-04-30 00:00:00+00:00,ok,2013-12-09 11:40:58+00:00,True,True
dvajs/dva,2019-11-01 00:00:00+00:00,ok,2016-06-24 09:06:16+00:00,True,True
MiczFlor/RPi-Jukebox-RFID,2020-01-18 00:00:00+00:00,ok,2017-02-02 11:41:41+00:00,True,True
sqldelight/sqldelight,2020-01-14 00:00:00+00:00,ok,2015-10-21 13:21:18+00:00,True,True
huggingface/sentence-transformers,2023-11-07 00:00:00+00:00,ok,2019-07-24 10:53:51+00:00,True,True
ryanb/ruby-warrior,2024-03-27 00:00:00+00:00,ok,2008-07-04 21:59:44+00:00,True,True
LuckyPennySoftware/MediatR,2020-01-30 00:00:00+00:00,ok,2014-03-03 15:01:22+00:00,True,True
simshaun/recurr,2021-08-10 00:00:00+00:00,ok,2013-06-13 00:19:10+00:00,True,True
ullmark/hashids.net,2021-04-21 00:00:00+00:00,ok,2012-10-15 07:58:34+00:00,True,True
3b1b/manim,2021-01-24 00:00:00+00:00,ok,2015-03-22 18:50:58+00:00,True,True
commons-app/apps-android-commons,2020-12-21 00:00:00+00:00,ok,2015-09-07 05:23:27+00:00,True,True
Bartuzen/qBitController,2022-12-04 00:00:00+00:00,ok,2021-08-29 17:59:12+00:00,True,True
Azure-Samples/cognitive-services-speech-sdk,2022-10-24 00:00:00+00:00,ok,2018-04-26 11:28:25+00:00,True,True
ageitgey/face_recognition,2020-02-20 00:00:00+00:00,ok,2017-03-03 21:52:39+00:00,True,True
microsoft/WhatTheHack,2021-08-09 00:00:00+00:00,ok,2018-09-17 10:13:08+00:00,True,True
microsoft/VFSForGit,2021-04-27 00:00:00+00:00,ok,2017-01-25 21:10:29+00:00,True,True
apache/superset,2020-04-14 00:00:00+00:00,ok,2015-07-21 18:55:34+00:00,True,True
javve/list.js,2025-04-25 00:00:00+00:00,ok,2011-01-30 12:29:56+00:00,True,True
tock/tock,2020-05-04 00:00:00+00:00,ok,2015-05-28 09:26:47+00:00,True,True
ceph/ceph,2020-11-12 00:00:00+00:00,ok,2011-09-01 21:41:26+00:00,True,True
Homebrew/homebrew-cask,2019-08-12 00:00:00+00:00,ok,2012-03-05 02:05:17+00:00,True,True
robotframework/robotframework,2020-01-17 00:00:00+00:00,ok,2014-06-27 11:10:38+00:00,True,True
conventional-changelog/conventional-changelog,2019-11-28 00:00:00+00:00,ok,2014-01-04 21:18:33+00:00,True,True
rest-assured/rest-assured,2021-05-21 00:00:00+00:00,ok,2010-10-21 08:35:43+00:00,True,True
0xAX/linux-insides,2025-08-24 00:00:00+00:00,ok,2015-01-03 18:44:57+00:00,True,True
bytedeco/javacpp,2021-06-16 00:00:00+00:00,ok,2014-04-21 12:47:21+00:00,True,True
alibaba/COLA,2022-07-13 00:00:00+00:00,ok,2018-02-06 13:46:27+00:00,True,True
statsd/statsd,2023-05-10 00:00:00+00:00,ok,2010-12-30 00:09:50+00:00,True,True
cantino/mcfly,2021-03-27 00:00:00+00:00,ok,2018-07-15 21:37:37+00:00,True,True
apache/logging-log4j2,2020-08-20 00:00:00+00:00,ok,2013-06-12 07:00:19+00:00,True,True
201206030/novel-plus,2025-03-20 00:00:00+00:00,ok,2020-05-02 07:15:43+00:00,True,True
apache/zookeeper,2021-01-13 00:00:00+00:00,ok,2009-03-27 15:41:56+00:00,True,True
remix-run/history,2021-08-13 00:00:00+00:00,ok,2015-07-18 23:31:47+00:00,True,True
getpelican/pelican,2020-05-09 00:00:00+00:00,ok,2010-10-16 18:57:40+00:00,True,True
laravel/horizon,2020-02-21 00:00:00+00:00,ok,2017-07-14 15:26:27+00:00,True,True
FaridSafi/react-native-gifted-chat,2023-05-03 00:00:00+00:00,ok,2015-11-14 15:45:34+00:00,True,True
tangshimin/MuJing,2024-04-22 00:00:00+00:00,ok,2023-02-10 06:21:37+00:00,True,True
Devolutions/UniGetUI,2022-09-05 00:00:00+00:00,ok,2021-06-15 12:57:58+00:00,True,True
pytorch/vision,2020-09-22 00:00:00+00:00,ok,2016-11-09 23:11:43+00:00,True,True
brainspec/enumerize,2021-07-14 00:00:00+00:00,ok,2012-01-25 10:31:04+00:00,True,True
chalk/chalk,2021-01-02 00:00:00+00:00,ok,2013-08-03 00:20:12+00:00,True,True
raysan5/raylib,2019-12-04 00:00:00+00:00,ok,2013-10-24 15:46:04+00:00,True,True
File-New-Project/EarTrumpet,2020-02-24 00:00:00+00:00,ok,2015-07-11 08:43:37+00:00,True,True
padrino/padrino-framework,2024-01-24 00:00:00+00:00,ok,2009-11-18 00:33:56+00:00,True,True
rebing/graphql-laravel,2019-11-27 00:00:00+00:00,ok,2016-09-19 10:28:28+00:00,True,True
bpampuch/pdfmake,2020-12-28 00:00:00+00:00,ok,2014-01-21 16:00:18+00:00,True,True
Effect-TS/effect,2025-01-03 00:00:00+00:00,ok,2019-11-13 12:49:21+00:00,True,True
Seldaek/monolog,2020-12-09 00:00:00+00:00,ok,2011-02-17 02:07:15+00:00,True,True
contribsys/einhorn,2022-07-13 00:00:00+00:00,ok,2012-05-25 00:03:23+00:00,True,True
luanti-org/luanti,2020-04-20 00:00:00+00:00,ok,2011-08-07 13:48:36+00:00,True,True
Jeric-X/SyncClipboard,2022-04-22 00:00:00+00:00,ok,2017-05-14 14:44:21+00:00,True,True
hashicorp/hcl,2022-02-15 00:00:00+00:00,ok,2014-07-31 21:09:00+00:00,True,True
SanderMertens/flecs,2020-06-25 00:00:00+00:00,ok,2018-08-26 05:53:05+00:00,True,True
dbt-labs/dbt-core,2021-06-02 00:00:00+00:00,ok,2016-03-10 02:38:00+00:00,True,True
rook/rook,2020-05-28 00:00:00+00:00,ok,2016-07-08 22:45:05+00:00,True,True
NLnetLabs/unbound,2021-06-23 00:00:00+00:00,ok,2017-06-13 09:27:49+00:00,True,True
riscv-collab/riscv-gnu-toolchain,2020-09-08 00:00:00+00:00,ok,2014-09-08 05:22:03+00:00,True,True
licensee/licensed,2019-08-21 00:00:00+00:00,ok,2018-02-02 22:46:45+00:00,True,True
ntop/nDPI,2020-04-18 00:00:00+00:00,ok,2015-04-19 04:56:52+00:00,True,True
Kotlin/kmp-production-sample,2025-06-13 00:00:00+00:00,ok,2020-09-14 12:35:38+00:00,True,True
k3d-io/k3d,2020-11-03 00:00:00+00:00,ok,2019-04-02 11:30:11+00:00,True,True
alibaba/MNN,2022-08-25 00:00:00+00:00,ok,2019-04-15 07:40:18+00:00,True,True
OpenMined/PySyft,2025-08-22 00:00:00+00:00,ok,2017-07-18 20:41:16+00:00,True,True
natemcmaster/CommandLineUtils,2021-01-10 00:00:00+00:00,ok,2017-08-15 18:32:24+00:00,True,True
aquasecurity/tfsec,2020-10-27 00:00:00+00:00,ok,2019-03-04 16:56:59+00:00,True,True
khellang/Scrutor,2022-05-23 00:00:00+00:00,ok,2015-11-14 01:26:41+00:00,True,True
android/architecture-samples,2020-09-29 00:00:00+00:00,ok,2016-02-05 13:42:07+00:00,True,True
doctrine/dbal,2020-04-14 00:00:00+00:00,ok,2010-05-20 17:01:42+00:00,True,True
apache/dubbo-go,2020-09-11 00:00:00+00:00,ok,2018-08-08 05:30:36+00:00,True,True
snabbdom/snabbdom,2021-02-16 00:00:00+00:00,ok,2015-05-09 20:25:10+00:00,True,True
panda-re/panda,2020-02-03 00:00:00+00:00,ok,2013-08-23 19:26:40+00:00,True,True
gulpjs/gulp,2024-03-25 00:00:00+00:00,ok,2013-07-04 05:26:06+00:00,True,True
benfred/py-spy,2021-01-16 00:00:00+00:00,ok,2018-08-01 02:22:15+00:00,True,True
DatabaseCleaner/database_cleaner,2022-01-14 00:00:00+00:00,ok,2009-03-05 06:08:15+00:00,True,True
Semantic-Org/Semantic-UI-React,2020-07-22 00:00:00+00:00,ok,2015-06-19 16:47:19+00:00,True,True
doctrine/lexer,2020-12-01 00:00:00+00:00,ok,2013-01-12 18:58:26+00:00,True,True
Sigil-Ebook/Sigil,2021-02-07 00:00:00+00:00,ok,2013-09-15 15:41:20+00:00,True,True
openrndr/openrndr,2020-04-28 00:00:00+00:00,ok,2018-02-20 16:17:54+00:00,True,True
koajs/koa,2021-08-18 00:00:00+00:00,ok,2013-07-20 18:53:45+00:00,True,True
viest/php-ext-xlswriter,2020-12-02 00:00:00+00:00,ok,2017-11-23 05:23:49+00:00,True,True
socketio/socket.io,2020-12-07 00:00:00+00:00,ok,2010-03-11 18:24:48+00:00,True,True
cweagans/composer-patches,2022-12-20 00:00:00+00:00,ok,2015-04-22 18:09:14+00:00,True,True
AntennaPod/AntennaPod,2019-12-12 00:00:00+00:00,ok,2012-07-31 10:25:08+00:00,True,True
crankyoldgit/IRremoteESP8266,2021-04-17 00:00:00+00:00,ok,2015-06-07 16:04:25+00:00,True,True
ffuf/ffuf,2020-10-03 00:00:00+00:00,ok,2018-11-08 09:25:49+00:00,True,True
cmusphinx/pocketsphinx,2022-06-08 00:00:00+00:00,ok,2014-04-07 10:28:32+00:00,True,True
keras-team/keras,2022-03-31 00:00:00+00:00,ok,2015-03-28 00:35:42+00:00,True,True
hanami/hanami,2021-01-15 00:00:00+00:00,ok,2013-08-09 15:24:44+00:00,True,True
immunant/c2rust,2020-07-07 00:00:00+00:00,ok,2018-04-20 00:05:50+00:00,True,True
ridgepole/ridgepole,2020-08-09 00:00:00+00:00,ok,2014-06-29 08:12:33+00:00,True,True
mono/CppSharp,2020-11-07 00:00:00+00:00,ok,2013-05-10 19:00:56+00:00,True,True
rmcrackan/Libation,2022-11-16 00:00:00+00:00,ok,2019-10-04 20:02:35+00:00,True,True
microsoft/monaco-editor,2019-11-18 00:00:00+00:00,ok,2016-06-07 16:56:31+00:00,True,True
sonos/tract,2019-09-15 00:00:00+00:00,ok,2017-08-07 09:31:26+00:00,True,True
btraceio/btrace,2019-10-25 00:00:00+00:00,ok,2014-08-28 18:58:24+00:00,True,True
maid/maid,2023-03-18 00:00:00+00:00,ok,2011-05-21 15:35:43+00:00,True,True
prettier/plugin-php,2020-01-02 00:00:00+00:00,ok,2017-12-24 02:56:22+00:00,True,True
MetaCubeX/mihomo,2023-06-10 00:00:00+00:00,ok,2021-05-20 11:06:33+00:00,True,True
qmk/qmk_firmware,2019-10-25 00:00:00+00:00,ok,2014-12-08 22:02:05+00:00,True,True
yarnpkg/yarn,2024-05-24 00:00:00+00:00,ok,2016-01-19 17:39:16+00:00,True,True
fatfreecrm/fat_free_crm,2021-02-26 00:00:00+00:00,ok,2008-11-25 03:09:44+00:00,True,True
google-deepmind/open_spiel,2021-02-10 00:00:00+00:00,ok,2019-07-22 13:50:21+00:00,True,True
dzikoysk/reposilite,2019-08-16 00:00:00+00:00,ok,2017-07-06 21:42:58+00:00,True,True
feathersjs/feathers,2020-02-09 00:00:00+00:00,ok,2011-10-19 22:45:16+00:00,True,True
doctrine/persistence,2020-05-12 00:00:00+00:00,ok,2018-06-06 16:04:51+00:00,True,True
kristijanhusak/laravel-form-builder,2020-02-13 00:00:00+00:00,ok,2014-10-15 22:10:20+00:00,True,True
sebastianbergmann/version,2023-01-27 00:00:00+00:00,ok,2013-01-05 14:17:33+00:00,True,True
cabaletta/baritone,2021-06-12 00:00:00+00:00,ok,2018-08-01 15:34:21+00:00,True,True
PaddlePaddle/PaddleOCR,2024-03-27 00:00:00+00:00,ok,2020-05-08 10:38:16+00:00,True,True
xtermjs/xterm.js,2022-08-31 00:00:00+00:00,ok,2014-03-24 16:04:04+00:00,True,True
akopytov/sysbench,2023-05-08 00:00:00+00:00,ok,2015-03-07 08:27:40+00:00,True,True
postmanlabs/newman,2022-08-24 00:00:00+00:00,ok,2014-03-05 17:52:17+00:00,True,True
tui-cs/Terminal.Gui,2020-05-20 00:00:00+00:00,ok,2017-12-11 03:23:45+00:00,True,True
cjlin1/libsvm,2022-08-08 00:00:00+00:00,ok,2013-09-10 14:32:07+00:00,True,True
TheAlgorithms/Java,2020-01-09 00:00:00+00:00,ok,2016-07-16 10:21:02+00:00,True,True
GitbookIO/gitbook,2023-11-27 00:00:00+00:00,ok,2014-03-31 03:01:56+00:00,True,True
drupal-composer/drupal-project,2021-03-01 00:00:00+00:00,ok,2014-05-05 20:03:19+00:00,True,True
afragen/git-updater,2020-12-08 00:00:00+00:00,ok,2013-07-07 20:44:47+00:00,True,True
Xabaril/AspNetCore.Diagnostics.HealthChecks,2021-10-18 00:00:00+00:00,ok,2018-09-27 10:50:21+00:00,True,True
cypriss/mutations,2021-01-08 00:00:00+00:00,ok,2012-10-19 19:38:09+00:00,True,True
satwikkansal/wtfpython,2024-10-23 00:00:00+00:00,ok,2017-08-28 20:22:19+00:00,True,True
i18next/i18next,2024-01-04 00:00:00+00:00,ok,2011-12-16 12:37:42+00:00,True,True
tModLoader/tModLoader,2021-01-30 00:00:00+00:00,ok,2015-07-21 05:30:07+00:00,True,True
jonobr1/two.js,2021-02-11 00:00:00+00:00,ok,2012-09-05 23:19:40+00:00,True,True
ElectronNET/Electron.NET,2023-04-03 00:00:00+00:00,ok,2017-10-03 12:30:29+00:00,True,True
slack-ruby/slack-ruby-client,2022-03-12 00:00:00+00:00,ok,2015-07-24 20:04:49+00:00,True,True
OpenNMT/CTranslate2,2020-11-10 00:00:00+00:00,ok,2019-09-23 08:10:42+00:00,True,True
oskardudycz/EventSourcing.NetCore,2019-08-28 00:00:00+00:00,ok,2017-01-28 11:21:53+00:00,True,True
tvheadend/tvheadend,2022-04-11 00:00:00+00:00,ok,2010-12-30 12:45:11+00:00,True,True
oblador/react-native-keychain,2021-03-01 00:00:00+00:00,ok,2015-05-20 15:33:48+00:00,True,True
renovatebot/renovate,2019-12-20 00:00:00+00:00,ok,2016-12-17 16:21:21+00:00,True,True
crossplane/crossplane,2020-09-26 00:00:00+00:00,ok,2018-09-08 00:10:35+00:00,True,True
fastruby/fast-ruby,2022-07-11 00:00:00+00:00,ok,2014-10-13 11:19:28+00:00,True,True
welldone-software/why-did-you-render,2024-09-09 00:00:00+00:00,ok,2018-11-10 19:31:09+00:00,True,True
sebastianbergmann/recursion-context,2020-01-21 00:00:00+00:00,ok,2015-01-22 17:19:19+00:00,True,True
CarGuo/GSYGithubAppKotlin,2023-05-25 00:00:00+00:00,ok,2018-11-08 09:07:20+00:00,True,True
rcore-os/rCore,2020-01-29 00:00:00+00:00,ok,2018-04-02 07:29:49+00:00,True,True
tensorflow/models,2021-03-25 00:00:00+00:00,ok,2016-02-05 01:15:20+00:00,True,True
enzymejs/enzyme,2021-03-26 00:00:00+00:00,ok,2015-11-10 21:45:38+00:00,True,True
commitizen/cz-cli,2022-07-17 00:00:00+00:00,ok,2015-04-20 01:11:39+00:00,True,True
danog/MadelineProto,2021-03-30 00:00:00+00:00,ok,2016-06-23 21:35:22+00:00,True,True
oauth2-proxy/oauth2-proxy,2020-03-01 00:00:00+00:00,ok,2017-09-29 10:59:10+00:00,True,True
lc/gau,2021-08-11 00:00:00+00:00,ok,2020-02-25 01:10:17+00:00,True,True
Koenkk/zigbee2mqtt,2020-07-16 00:00:00+00:00,ok,2018-04-08 12:01:34+00:00,True,True
akkadotnet/akka.net,2021-02-03 00:00:00+00:00,ok,2013-12-29 14:17:38+00:00,True,True
lapce/lapce,2021-10-06 00:00:00+00:00,ok,2018-02-06 08:41:06+00:00,True,True
single-spa/single-spa,2020-10-13 00:00:00+00:00,ok,2015-09-22 06:34:46+00:00,True,True
kriasoft/react-starter-kit,2021-05-27 00:00:00+00:00,ok,2014-04-16 13:08:18+00:00,True,True
timber/timber,2021-04-12 00:00:00+00:00,ok,2013-01-02 21:15:13+00:00,True,True
EasyCorp/EasyAdminBundle,2020-10-28 00:00:00+00:00,ok,2015-01-12 08:43:02+00:00,True,True
eventmachine/eventmachine,2020-03-06 00:00:00+00:00,ok,2008-08-17 18:35:57+00:00,True,True
TrestleAdmin/trestle,2022-08-03 00:00:00+00:00,ok,2016-09-11 23:36:22+00:00,True,True
ocornut/imgui,2019-10-24 00:00:00+00:00,ok,2014-07-21 14:29:47+00:00,True,True
home-assistant/android,2020-07-05 00:00:00+00:00,ok,2019-04-02 05:52:50+00:00,True,True
mruby/mruby,2020-02-21 00:00:00+00:00,ok,2012-04-19 09:11:15+00:00,True,True
bisq-network/bisq,2020-01-23 00:00:00+00:00,ok,2014-03-12 09:42:29+00:00,True,True
cryptomator/android,2020-09-28 00:00:00+00:00,ok,2016-10-31 14:13:43+00:00,True,True
docker/cli,2020-07-15 00:00:00+00:00,ok,2017-04-12 05:27:42+00:00,True,True
jsvine/pdfplumber,2020-07-25 00:00:00+00:00,ok,2015-08-24 03:14:48+00:00,True,True
quickwit-oss/tantivy,2021-06-14 00:00:00+00:00,ok,2016-01-11 08:32:16+00:00,True,True
heroiclabs/nakama,2023-07-06 00:00:00+00:00,ok,2017-01-13 17:15:12+00:00,True,True
onsi/ginkgo,2020-12-08 00:00:00+00:00,ok,2013-08-23 20:53:05+00:00,True,True
http4k/http4k,2020-09-08 00:00:00+00:00,ok,2017-03-23 22:28:13+00:00,True,True
kubesphere/kubesphere,2020-03-23 00:00:00+00:00,ok,2018-04-21 02:03:04+00:00,True,True
heartcombo/simple_form,2021-01-20 00:00:00+00:00,ok,2009-12-28 14:23:48+00:00,True,True
rawgraphs/rawgraphs-app,2020-09-23 00:00:00+00:00,ok,2013-04-17 11:54:09+00:00,True,True
inukshuk/anystyle,2023-05-28 00:00:00+00:00,ok,2011-08-31 16:24:21+00:00,True,True
lambda-fairy/maud,2020-12-23 00:00:00+00:00,ok,2014-12-17 08:08:52+00:00,True,True
caronc/apprise,2021-09-20 00:00:00+00:00,ok,2017-11-25 18:06:38+00:00,True,True
prontolabs/pronto,2021-02-06 00:00:00+00:00,ok,2013-07-02 17:58:41+00:00,True,True
mongodb/mongo-php-library,2021-01-20 00:00:00+00:00,ok,2014-12-04 19:55:40+00:00,True,True
ikarus23/MifareClassicTool,2021-12-28 00:00:00+00:00,ok,2013-02-12 15:39:03+00:00,True,True
wekan/wekan,2019-12-05 00:00:00+00:00,ok,2014-01-21 01:26:28+00:00,True,True
google/python-fire,2021-01-22 00:00:00+00:00,ok,2017-02-21 21:35:07+00:00,True,True
apache/ignite,2022-04-11 00:00:00+00:00,ok,2015-02-19 08:00:05+00:00,True,True
restsharp/RestSharp,2019-11-27 00:00:00+00:00,ok,2009-11-16 02:01:45+00:00,True,True
sindresorhus/pageres,2020-12-15 00:00:00+00:00,ok,2014-02-07 18:15:18+00:00,True,True
zloirock/core-js,2020-10-28 00:00:00+00:00,ok,2013-07-17 16:32:27+00:00,True,True
shadowsocks/shadowsocks-libev,2020-06-16 00:00:00+00:00,ok,2012-12-15 08:11:07+00:00,True,True
phar-io/manifest,2022-02-14 00:00:00+00:00,ok,2016-11-24 12:07:24+00:00,True,True
Sylius/Sylius,2020-11-25 00:00:00+00:00,ok,2011-11-05 22:05:52+00:00,True,True
GopeedLab/gopeed,2021-03-25 00:00:00+00:00,ok,2019-04-21 07:23:32+00:00,True,True
symfony/panther,2020-10-02 00:00:00+00:00,ok,2018-03-16 20:54:41+00:00,True,True
overtrue/easy-sms,2021-11-18 00:00:00+00:00,ok,2017-03-09 13:26:10+00:00,True,True
dry-rb/dry-validation,2019-10-08 00:00:00+00:00,ok,2015-07-22 22:05:39+00:00,True,True
checkstyle/checkstyle,2020-07-14 00:00:00+00:00,ok,2013-08-31 02:05:05+00:00,True,True
snapview/tokio-tungstenite,2020-11-09 00:00:00+00:00,ok,2017-03-17 17:15:58+00:00,True,True
onnxsim/onnxsim,2022-02-26 00:00:00+00:00,ok,2019-04-01 10:12:34+00:00,True,True
UweTrottmann/SeriesGuide,2021-05-20 00:00:00+00:00,ok,2011-07-03 10:26:37+00:00,True,True
adonisjs/core,2021-05-17 00:00:00+00:00,ok,2015-08-15 17:03:54+00:00,True,True
tj/commander.js,2019-08-30 00:00:00+00:00,ok,2011-08-14 21:33:58+00:00,True,True
charlesw/tesseract,2022-01-04 00:00:00+00:00,ok,2012-12-08 13:02:57+00:00,True,True
kotest/kotest,2019-11-25 00:00:00+00:00,ok,2015-11-29 16:32:15+00:00,True,True
php-telegram-bot/core,2022-04-24 00:00:00+00:00,ok,2015-06-26 14:55:57+00:00,True,True
gin-gonic/gin,2021-06-23 00:00:00+00:00,ok,2014-06-16 23:57:25+00:00,True,True
temporalio/temporal,2021-03-05 00:00:00+00:00,ok,2019-10-16 22:15:35+00:00,True,True
rubycdp/cuprite,2021-02-16 00:00:00+00:00,ok,2018-07-17 16:13:43+00:00,True,True
ithewei/libhv,2021-06-17 00:00:00+00:00,ok,2018-08-28 05:47:15+00:00,True,True
sqlitebrowser/sqlitebrowser,2021-08-21 00:00:00+00:00,ok,2014-05-04 01:54:44+00:00,True,True
styled-components/styled-components,2019-10-29 00:00:00+00:00,ok,2016-08-16 06:41:32+00:00,True,True
plopjs/plop,2021-11-23 00:00:00+00:00,ok,2014-04-30 14:53:08+00:00,True,True
jesse-ai/jesse,2021-07-25 00:00:00+00:00,ok,2018-11-09 10:38:44+00:00,True,True
nextcloud/server,2019-12-06 00:00:00+00:00,ok,2016-06-02 07:44:14+00:00,True,True
MicaForEveryone/MicaForEveryone,2025-05-11 00:00:00+00:00,ok,2021-12-12 19:22:58+00:00,True,True
DapperLib/Dapper,2020-10-16 00:00:00+00:00,ok,2011-04-14 08:42:59+00:00,True,True
chrome-php/chrome,2020-12-08 00:00:00+00:00,ok,2017-11-17 12:08:46+00:00,True,True
Turfjs/turf,2021-06-22 00:00:00+00:00,ok,2013-10-03 14:50:25+00:00,True,True
alicevision/Meshroom,2020-09-04 00:00:00+00:00,ok,2015-04-22 17:33:16+00:00,True,True
TooTallNate/Java-WebSocket,2020-01-06 00:00:00+00:00,ok,2010-01-20 23:33:04+00:00,True,True
simi/omniauth-facebook,2020-01-22 00:00:00+00:00,ok,2011-10-15 07:37:00+00:00,True,True
dotnet/dotNext,2021-07-29 00:00:00+00:00,ok,2018-12-14 15:34:31+00:00,True,True
KSP-CKAN/CKAN,2020-02-08 00:00:00+00:00,ok,2014-08-17 21:11:54+00:00,True,True
collectiveidea/awesome_nested_set,2021-04-16 00:00:00+00:00,ok,2008-02-21 16:03:25+00:00,True,True
ray-project/ray,2019-12-18 00:00:00+00:00,ok,2016-10-25 19:38:30+00:00,True,True
element-hq/element-web,2021-06-08 00:00:00+00:00,ok,2015-07-22 05:32:15+00:00,True,True
diasurgical/devilution,2021-10-24 00:00:00+00:00,ok,2018-04-02 01:01:47+00:00,True,True
balena-io/etcher,2022-11-07 00:00:00+00:00,ok,2015-10-27 16:53:23+00:00,True,True
hashicorp/serf,2022-07-25 00:00:00+00:00,ok,2013-10-01 22:12:50+00:00,True,True
playcanvas/engine,2020-05-30 00:00:00+00:00,ok,2014-05-12 11:24:30+00:00,True,True
apache/tika,2021-03-03 00:00:00+00:00,ok,2009-05-21 02:12:11+00:00,True,True
josdejong/jsoneditor,2021-06-30 00:00:00+00:00,ok,2012-04-19 13:05:41+00:00,True,True
Hackplayers/evil-winrm,2022-01-12 00:00:00+00:00,ok,2019-05-28 10:53:00+00:00,True,True
google/XNNPACK,2022-02-24 00:00:00+00:00,ok,2019-09-13 23:48:37+00:00,True,True
tixl3d/tixl,2025-04-26 00:00:00+00:00,ok,2017-06-17 22:37:11+00:00,True,True
mathjax/MathJax,2025-06-26 00:00:00+00:00,ok,2010-08-19 03:28:53+00:00,True,True
nodemcu/nodemcu-firmware,2020-12-25 00:00:00+00:00,ok,2014-11-20 15:06:45+00:00,True,True
DefinitelyTyped/DefinitelyTyped,2020-05-20 00:00:00+00:00,ok,2012-10-05 16:39:45+00:00,True,True
terser/terser,2021-10-20 00:00:00+00:00,ok,2015-01-11 16:06:46+00:00,True,True
Licoy/wordpress-theme-puock,2022-06-26 00:00:00+00:00,ok,2020-07-15 02:14:13+00:00,True,True
outline/outline,2021-11-07 00:00:00+00:00,ok,2016-05-22 21:31:47+00:00,True,True
model-checking/kani,2022-04-27 00:00:00+00:00,ok,2021-03-26 18:49:50+00:00,True,True
react-dnd/react-dnd,2019-11-14 00:00:00+00:00,ok,2014-10-19 13:29:28+00:00,True,True
xanderfrangos/twinkle-tray,2023-07-05 00:00:00+00:00,ok,2019-08-14 18:59:26+00:00,True,True
RainerKuemmerle/g2o,2021-06-27 00:00:00+00:00,ok,2012-01-12 10:18:45+00:00,True,True
dromara/dynamic-tp,2023-01-15 00:00:00+00:00,ok,2022-01-07 16:35:27+00:00,True,True
citizenfx/fivem,2023-11-24 00:00:00+00:00,ok,2017-01-16 21:18:18+00:00,True,True
pressly/goose,2021-03-08 00:00:00+00:00,ok,2016-02-25 20:39:37+00:00,True,True
nats-io/nats.go,2024-09-05 00:00:00+00:00,ok,2012-08-15 12:54:59+00:00,True,True
coduo/php-humanizer,2021-02-21 00:00:00+00:00,ok,2014-04-22 10:51:03+00:00,True,True
NervJS/taro,2019-09-26 00:00:00+00:00,ok,2018-04-08 09:32:26+00:00,True,True
libgit2/libgit2,2020-06-06 00:00:00+00:00,ok,2010-09-10 16:17:48+00:00,True,True
rbatis/rbatis,2022-04-30 00:00:00+00:00,ok,2019-03-08 03:19:02+00:00,True,True
asynkron/protoactor-go,2021-12-17 00:00:00+00:00,ok,2016-04-17 19:08:14+00:00,True,True
sanic-org/sanic,2021-01-28 00:00:00+00:00,ok,2016-05-26 04:38:22+00:00,True,True
shmilylty/OneForAll,2019-12-12 00:00:00+00:00,ok,2018-12-10 09:43:37+00:00,True,True
harvester/harvester,2021-11-05 00:00:00+00:00,ok,2020-07-14 13:28:34+00:00,True,True
premake/premake-core,2020-04-09 00:00:00+00:00,ok,2015-03-21 14:08:15+00:00,True,True
matz/streem,2020-12-26 00:00:00+00:00,ok,2014-12-11 08:07:50+00:00,True,True
v4l2loopback/v4l2loopback,2020-10-14 00:00:00+00:00,ok,2010-09-24 09:59:39+00:00,True,True
fullstorydev/grpcurl,2023-02-07 00:00:00+00:00,ok,2017-11-20 15:53:31+00:00,True,True
airbnb/paris,2022-01-12 00:00:00+00:00,ok,2017-12-18 20:13:09+00:00,True,True
Devolutions/IronRDP,2022-04-15 00:00:00+00:00,ok,2019-07-10 21:04:54+00:00,True,True
gogf/gf,2021-07-19 00:00:00+00:00,ok,2017-06-29 09:24:51+00:00,True,True
harness/harness,2022-09-12 00:00:00+00:00,ok,2014-02-07 07:54:44+00:00,True,True
podman-container-tools/skopeo,2021-06-01 00:00:00+00:00,ok,2016-03-07 20:23:29+00:00,True,True
knex/knex,2020-12-22 00:00:00+00:00,ok,2012-12-29 05:18:25+00:00,True,True
ArisGuimera/SimpleAndroidMVVM,2022-12-22 00:00:00+00:00,ok,2021-04-18 09:37:49+00:00,True,True
nical/lyon,2020-04-24 00:00:00+00:00,ok,2016-05-28 10:01:04+00:00,True,True
vovgou/loxodon-framework,2021-11-20 00:00:00+00:00,ok,2017-01-02 03:25:02+00:00,True,True
michaelbull/kotlin-result,2019-12-20 00:00:00+00:00,ok,2017-10-21 02:42:29+00:00,True,True
php-amqplib/php-amqplib,2020-10-05 00:00:00+00:00,ok,2011-11-15 23:49:33+00:00,True,True
Waboodoo/HTTP-Shortcuts,2020-08-08 00:00:00+00:00,ok,2015-04-24 15:03:58+00:00,True,True
FormidableLabs/victory,2021-04-12 00:00:00+00:00,ok,2015-07-02 22:36:50+00:00,True,True
HandyOrg/HandyControl,2020-03-30 00:00:00+00:00,ok,2018-05-22 05:04:19+00:00,True,True
apache/beam,2020-06-29 00:00:00+00:00,ok,2016-02-02 08:00:06+00:00,True,True
OSGeo/gdal,2020-05-31 00:00:00+00:00,ok,2012-10-09 21:39:58+00:00,True,True
jboss-javassist/javassist,2021-05-06 00:00:00+00:00,ok,2013-05-24 08:31:32+00:00,True,True
corcel/corcel,2021-09-16 00:00:00+00:00,ok,2013-06-17 02:43:12+00:00,True,True
staudenmeir/eloquent-has-many-deep,2020-01-11 00:00:00+00:00,ok,2018-06-16 15:37:22+00:00,True,True
nikic/FastRoute,2021-04-12 00:00:00+00:00,ok,2014-02-16 23:16:45+00:00,True,True
getsentry/sentry-php,2020-12-15 00:00:00+00:00,ok,2012-01-23 07:34:48+00:00,True,True
bkeepers/dotenv,2021-04-08 00:00:00+00:00,ok,2012-07-24 03:38:51+00:00,True,True
99designs/gqlgen,2020-03-04 00:00:00+00:00,ok,2018-02-11 04:54:11+00:00,True,True
defold/defold,2019-09-10 00:00:00+00:00,ok,2012-05-13 16:03:44+00:00,True,True
itamae-kitchen/itamae,2021-02-16 00:00:00+00:00,ok,2013-12-23 10:30:26+00:00,True,True
jaredhanson/passport,2021-11-18 00:00:00+00:00,ok,2011-10-08 22:38:32+00:00,True,True
cloudflare/quiche,2020-11-03 00:00:00+00:00,ok,2018-09-29 18:22:05+00:00,True,True
ankane/pghero,2020-11-19 00:00:00+00:00,ok,2014-07-21 09:56:02+00:00,True,True
symfony/css-selector,2024-04-18 00:00:00+00:00,ok,2011-02-22 18:01:24+00:00,True,True
DependencyTrack/dependency-track,2019-09-28 00:00:00+00:00,ok,2013-07-16 19:16:43+00:00,True,True
dompdf/php-font-lib,2021-12-02 00:00:00+00:00,ok,2012-04-09 08:46:55+00:00,True,True
tailscale/tailscale-android,2022-08-24 00:00:00+00:00,ok,2020-04-15 14:30:25+00:00,True,True
lvgl/lvgl,2020-04-19 00:00:00+00:00,ok,2016-06-08 04:14:34+00:00,True,True
railsbridge/docs,2023-10-27 00:00:00+00:00,ok,2011-10-04 18:33:41+00:00,True,True
lcobucci/jwt,2020-09-28 00:00:00+00:00,ok,2014-03-05 19:23:23+00:00,True,True
rust-lang/rustup,2020-01-07 00:00:00+00:00,ok,2015-09-26 04:54:49+00:00,True,True
console-rs/indicatif,2021-03-15 00:00:00+00:00,ok,2017-04-23 13:54:48+00:00,True,True
2dust/v2rayNG,2023-07-22 00:00:00+00:00,ok,2019-05-15 02:15:31+00:00,True,True
taurusxin/ncmdump,2024-01-10 00:00:00+00:00,ok,2021-10-06 16:36:19+00:00,True,True
invertase/react-native-firebase,2020-04-17 00:00:00+00:00,ok,2017-02-01 12:01:03+00:00,True,True
streamlink/streamlink,2020-04-02 00:00:00+00:00,ok,2016-09-16 17:52:50+00:00,True,True
amacneil/dbmate,2020-08-07 00:00:00+00:00,ok,2015-11-25 18:58:30+00:00,True,True
winfsp/winfsp,2020-02-22 00:00:00+00:00,ok,2016-05-18 21:05:28+00:00,True,True
grpc-ecosystem/go-grpc-middleware,2020-06-18 00:00:00+00:00,ok,2016-05-14 17:48:56+00:00,True,True
JetBrains/intellij-community,2024-10-21 00:00:00+00:00,ok,2011-09-30 13:33:05+00:00,True,True
homenc/HElib,2021-09-21 00:00:00+00:00,ok,2013-04-05 13:55:09+00:00,True,True
pallets/click,2020-05-23 00:00:00+00:00,ok,2014-04-24 09:52:19+00:00,True,True
apache/dubbo-spring-boot-project,2021-03-20 00:00:00+00:00,ok,2018-01-18 12:10:50+00:00,True,True
stashapp/stash,2021-02-24 00:00:00+00:00,ok,2018-06-04 00:28:38+00:00,True,True
PrismJS/prism,2020-10-24 00:00:00+00:00,ok,2012-07-10 19:47:14+00:00,True,True
matthiasmullie/minify,2022-03-15 00:00:00+00:00,ok,2012-10-09 09:29:58+00:00,True,True
Hacker0x01/react-datepicker,2021-02-23 00:00:00+00:00,ok,2014-06-22 07:40:48+00:00,True,True
libimobiledevice/libimobiledevice,2021-09-05 00:00:00+00:00,ok,2013-02-13 14:33:15+00:00,True,True
lysine-dev/okio,2020-05-25 00:00:00+00:00,ok,2014-03-17 00:02:59+00:00,True,True
collectiveidea/interactor,2022-01-24 00:00:00+00:00,ok,2013-07-25 20:32:44+00:00,True,True
apache/airflow,2020-01-03 00:00:00+00:00,ok,2015-04-13 18:04:58+00:00,True,True
sharish/ShimmerRecyclerView,2020-11-06 00:00:00+00:00,ok,2017-01-03 09:22:15+00:00,True,True
MassTransit/MassTransit,2021-04-08 00:00:00+00:00,ok,2010-07-16 13:21:43+00:00,True,True
craftcms/cms,2022-03-11 00:00:00+00:00,ok,2017-01-27 21:52:45+00:00,True,True
tilo/smarter_csv,2022-06-21 00:00:00+00:00,ok,2012-07-29 22:12:24+00:00,True,True
phongnguyend/Practical.CleanArchitecture,2020-12-19 00:00:00+00:00,ok,2018-12-03 03:11:04+00:00,True,True
svg/svgo,2021-02-13 00:00:00+00:00,ok,2012-08-22 10:41:43+00:00,True,True
cefsharp/CefSharp,2020-10-24 00:00:00+00:00,ok,2010-12-03 15:23:23+00:00,True,True
neo4jrb/activegraph,2021-02-06 00:00:00+00:00,ok,2008-05-30 10:44:36+00:00,True,True
android/wear-os-samples,2020-09-24 00:00:00+00:00,ok,2019-06-14 21:24:27+00:00,True,True
alexellis/k3sup,2020-11-02 00:00:00+00:00,ok,2019-08-15 10:39:45+00:00,True,True
athityakumar/colorls,2021-05-06 00:00:00+00:00,ok,2017-06-29 16:41:23+00:00,True,True
clue/stream-filter,2021-03-29 00:00:00+00:00,ok,2015-10-17 17:03:11+00:00,True,True
geocoder-php/Geocoder,2020-12-19 00:00:00+00:00,ok,2011-11-07 21:56:41+00:00,True,True
googlesamples/android-custom-lint-rules,2022-05-08 00:00:00+00:00,ok,2015-08-27 20:01:41+00:00,True,True
MirrorNetworking/Mirror,2020-03-01 00:00:00+00:00,ok,2018-07-20 18:37:41+00:00,True,True
jsdecena/laracom,2022-02-01 00:00:00+00:00,ok,2017-08-15 04:38:27+00:00,True,True
DirectoryLister/DirectoryLister,2021-02-18 00:00:00+00:00,ok,2011-02-16 21:47:13+00:00,True,True
github/scientist,2021-12-23 00:00:00+00:00,ok,2014-02-05 15:58:43+00:00,True,True
reactjs/React.NET,2020-06-17 00:00:00+00:00,ok,2014-03-16 23:18:34+00:00,True,True
puppetlabs/puppet,2020-10-02 00:00:00+00:00,ok,2010-09-14 19:26:44+00:00,True,True
cyberbotics/webots,2020-05-18 00:00:00+00:00,ok,2018-11-05 14:09:10+00:00,True,True
HMBSbige/NatTypeTester,2020-09-27 00:00:00+00:00,ok,2018-05-18 14:15:18+00:00,True,True
jasonlong/geo_pattern,2020-07-20 00:00:00+00:00,ok,2014-01-27 15:38:07+00:00,True,True
elasticsearch-dump/elasticsearch-dump,2022-07-06 00:00:00+00:00,ok,2013-12-19 19:42:31+00:00,True,True
aio-libs/aiohttp,2019-08-29 00:00:00+00:00,ok,2013-10-01 23:04:01+00:00,True,True
jeremyevans/sequel,2020-11-16 00:00:00+00:00,ok,2008-03-31 05:41:15+00:00,True,True
hashicorp/nomad,2020-05-14 00:00:00+00:00,ok,2015-06-01 10:21:00+00:00,True,True
dominikh/go-tools,2019-10-20 00:00:00+00:00,ok,2017-01-24 21:11:01+00:00,True,True
roslynpad/roslynpad,2019-09-06 00:00:00+00:00,ok,2015-04-01 17:42:15+00:00,True,True
tealdeer-rs/tealdeer,2020-01-22 00:00:00+00:00,ok,2015-12-29 09:23:05+00:00,True,True
PowerShell/PowerShell,2020-04-30 00:00:00+00:00,ok,2016-01-13 23:41:35+00:00,True,True
AngleSharp/AngleSharp,2021-04-21 00:00:00+00:00,ok,2013-06-05 12:05:34+00:00,True,True
brettwooldridge/HikariCP,2021-01-07 00:00:00+00:00,ok,2013-10-08 05:43:03+00:00,True,True
rubensousa/GravitySnapHelper,2020-05-23 00:00:00+00:00,ok,2016-08-31 07:25:23+00:00,True,True
MvvmCross/MvvmCross,2022-02-23 00:00:00+00:00,ok,2011-11-28 22:45:55+00:00,True,True
json-path/JsonPath,2020-12-23 00:00:00+00:00,ok,2011-01-24 13:19:19+00:00,True,True
mongodb/laravel-mongodb,2019-10-17 00:00:00+00:00,ok,2013-03-31 14:31:04+00:00,True,True
thephpleague/oauth2-client,2020-10-27 00:00:00+00:00,ok,2013-01-29 16:01:42+00:00,True,True
redis/RedisDesktopManager,2021-12-22 00:00:00+00:00,ok,2013-08-05 07:51:08+00:00,True,True
gitroomhq/postiz-app,2024-09-07 00:00:00+00:00,ok,2023-07-08 17:24:22+00:00,True,True
TheOdinProject/theodinproject,2022-05-09 00:00:00+00:00,ok,2013-05-15 22:08:12+00:00,True,True
servo/webrender,2024-01-29 00:00:00+00:00,ok,2015-09-21 21:27:30+00:00,True,True
grpc/grpc,2021-08-05 00:00:00+00:00,ok,2014-12-08 18:58:53+00:00,True,True
tsl0922/ttyd,2019-08-25 00:00:00+00:00,ok,2016-09-13 01:43:54+00:00,True,True
orvice/ss-panel,2022-06-22 00:00:00+00:00,ok,2014-11-09 17:07:35+00:00,True,True
ant-design/ant-design-mobile,2021-07-21 00:00:00+00:00,ok,2015-11-30 03:33:06+00:00,True,True
ankane/the-ultimate-guide-to-ruby-timeouts,2020-11-19 00:00:00+00:00,ok,2015-07-27 02:09:49+00:00,True,True
kmuto/review,2019-12-14 00:00:00+00:00,ok,2010-01-16 12:42:25+00:00,True,True
agersant/polaris,2019-09-29 00:00:00+00:00,ok,2016-08-14 08:28:45+00:00,True,True
Automattic/node-canvas,2020-04-27 00:00:00+00:00,ok,2010-09-29 17:31:21+00:00,True,True
fornewid/neumorphism,2022-02-15 00:00:00+00:00,ok,2020-03-05 10:48:41+00:00,True,True
Rich-Harris/degit,2020-02-13 00:00:00+00:00,ok,2017-07-31 17:44:38+00:00,True,True
fukuchi/libqrencode,2020-08-28 00:00:00+00:00,ok,2011-02-25 09:11:52+00:00,True,True
microg/GmsCore,2021-01-11 00:00:00+00:00,ok,2014-04-23 19:28:47+00:00,True,True
sumatrapdfreader/sumatrapdf,2019-10-22 00:00:00+00:00,ok,2012-10-02 06:59:55+00:00,True,True
thoughtbot/high_voltage,2023-03-17 00:00:00+00:00,ok,2009-04-21 19:54:37+00:00,True,True
netblue30/firejail,2020-10-01 00:00:00+00:00,ok,2015-08-08 22:25:44+00:00,True,True
nextapps-de/flexsearch,2025-04-17 00:00:00+00:00,ok,2018-02-25 12:40:24+00:00,True,True
rapidsai/cudf,2020-02-13 00:00:00+00:00,ok,2017-05-07 03:43:37+00:00,True,True
cyanfish/naps2,2022-12-25 00:00:00+00:00,ok,2015-07-19 20:54:38+00:00,True,True
bol-van/zapret,2024-11-06 00:00:00+00:00,ok,2016-02-15 13:30:50+00:00,True,True
vimeo/psalm,2019-12-01 00:00:00+00:00,ok,2016-11-21 17:04:41+00:00,True,True
causefx/Organizr,2020-12-20 00:00:00+00:00,ok,2016-12-29 02:10:38+00:00,True,True
qrohlf/trianglify,2020-05-04 00:00:00+00:00,ok,2014-04-12 04:30:29+00:00,True,True
ARCANEDEV/LogViewer,2020-01-24 00:00:00+00:00,ok,2015-09-01 14:00:53+00:00,True,True
RT-Thread/rt-thread,2020-12-04 00:00:00+00:00,ok,2013-01-02 14:49:21+00:00,True,True
reactiveui/Akavache,2020-10-23 00:00:00+00:00,ok,2011-12-02 05:15:37+00:00,True,True
bitwarden/android,2023-07-14 00:00:00+00:00,ok,2016-04-30 16:43:17+00:00,True,True
MaterialDesignInXAML/MaterialDesignInXamlToolkit,2021-04-16 00:00:00+00:00,ok,2015-02-07 23:30:48+00:00,True,True
BurntSushi/quickcheck,2020-01-11 00:00:00+00:00,ok,2014-03-09 07:29:09+00:00,True,True
stanfordnlp/CoreNLP,2021-09-30 00:00:00+00:00,ok,2013-06-27 21:13:49+00:00,True,True
oklog/ulid,2020-09-22 00:00:00+00:00,ok,2016-12-06 15:26:52+00:00,True,True
pythonnet/pythonnet,2020-12-08 00:00:00+00:00,ok,2013-11-27 13:42:20+00:00,True,True
php-ds/ext-ds,2021-01-21 00:00:00+00:00,ok,2016-02-01 08:05:07+00:00,True,True
nexe/nexe,2021-09-26 00:00:00+00:00,ok,2011-11-26 19:12:16+00:00,True,True
vert-x3/vertx-examples,2020-11-27 00:00:00+00:00,ok,2015-02-24 17:42:44+00:00,True,True
ThrowTheSwitch/Unity,2021-01-17 00:00:00+00:00,ok,2012-01-26 19:52:36+00:00,True,True
google/oboe,2021-02-03 00:00:00+00:00,ok,2017-10-02 17:56:48+00:00,True,True
pypa/pipenv,2020-04-10 00:00:00+00:00,ok,2017-01-20 00:44:02+00:00,True,True
dotnet/winforms,2022-02-10 00:00:00+00:00,ok,2018-10-19 01:54:02+00:00,True,True
amark/gun,2020-11-13 00:00:00+00:00,ok,2014-07-31 15:52:10+00:00,True,True
doctrine-extensions/DoctrineExtensions,2021-04-04 00:00:00+00:00,ok,2010-09-03 12:08:12+00:00,True,True
ice-cube-ruby/ice_cube,2021-10-21 00:00:00+00:00,ok,2010-03-10 15:27:10+00:00,True,True
alibaba/nacos,2020-10-28 00:00:00+00:00,ok,2018-06-15 06:49:27+00:00,True,True
erincatto/box2d,2021-12-29 00:00:00+00:00,ok,2015-03-14 16:52:46+00:00,True,True
zeux/meshoptimizer,2019-09-30 00:00:00+00:00,ok,2016-09-09 05:24:56+00:00,True,True
NoiseByNorthwest/php-spx,2022-04-08 00:00:00+00:00,ok,2017-06-20 20:14:41+00:00,True,True
apache/hadoop,2023-02-13 00:00:00+00:00,ok,2014-08-28 07:00:08+00:00,True,True
jalkoby/squasher,2023-02-24 00:00:00+00:00,ok,2014-01-19 19:10:55+00:00,True,True
changmingxie/tcc-transaction,2024-01-15 00:00:00+00:00,ok,2015-12-05 04:27:53+00:00,True,True
mik3y/usb-serial-for-android,2019-11-15 00:00:00+00:00,ok,2013-06-30 23:17:45+00:00,True,True
openvswitch/ovs,2020-11-26 00:00:00+00:00,ok,2014-04-02 22:15:28+00:00,True,True
axboe/liburing,2021-09-11 00:00:00+00:00,ok,2019-08-05 13:43:57+00:00,True,True
Kludex/starlette,2020-04-23 00:00:00+00:00,ok,2018-06-25 13:16:21+00:00,True,True
sktime/sktime,2020-06-03 00:00:00+00:00,ok,2018-11-06 15:08:24+00:00,True,True
caolan/async,2022-01-10 00:00:00+00:00,ok,2010-06-01 21:01:30+00:00,True,True
texstudio-org/texstudio,2020-02-09 00:00:00+00:00,ok,2017-11-28 18:07:20+00:00,True,True
TheAlgorithms/Ruby,2020-04-16 00:00:00+00:00,ok,2016-07-25 17:32:57+00:00,True,True
micro-editor/micro,2023-01-31 00:00:00+00:00,ok,2016-03-11 02:06:28+00:00,True,True
dunst-project/dunst,2020-03-31 00:00:00+00:00,ok,2011-09-07 11:36:06+00:00,True,True
vega/altair,2020-01-04 00:00:00+00:00,ok,2015-09-19 03:14:04+00:00,True,True
neoclide/coc.nvim,2019-11-15 00:00:00+00:00,ok,2018-05-01 22:39:02+00:00,True,True
doctrine/data-fixtures,2020-12-04 00:00:00+00:00,ok,2010-09-20 21:28:26+00:00,True,True
uxlfoundation/oneDNN,2024-04-09 00:00:00+00:00,ok,2016-05-09 23:26:42+00:00,True,True
go-mysql-org/go-mysql,2021-04-08 00:00:00+00:00,ok,2014-02-21 01:56:45+00:00,True,True
acidanthera/OpenCorePkg,2020-11-27 00:00:00+00:00,ok,2019-04-03 19:14:29+00:00,True,True
WordPress/gutenberg,2019-08-09 00:00:00+00:00,ok,2017-02-03 19:34:19+00:00,True,True
microsoft/pyright,2020-06-21 00:00:00+00:00,ok,2019-03-12 03:38:46+00:00,True,True
opencost/opencost,2022-06-13 00:00:00+00:00,ok,2019-03-27 21:49:05+00:00,True,True
punker76/gong-wpf-dragdrop,2023-10-28 00:00:00+00:00,ok,2013-02-06 19:45:05+00:00,True,True
vrana/adminer,2021-02-10 00:00:00+00:00,ok,2010-04-25 08:30:07+00:00,True,True
webdriverio/webdriverio,2020-05-05 00:00:00+00:00,ok,2011-08-30 19:02:35+00:00,True,True
ReactiveX/RxAndroid,2020-02-14 00:00:00+00:00,ok,2014-08-19 03:46:38+00:00,True,True
xoofx/markdig,2020-01-26 00:00:00+00:00,ok,2016-05-25 14:18:26+00:00,True,True
mrdoob/three.js,2020-03-19 00:00:00+00:00,ok,2010-03-23 18:58:01+00:00,True,True
shimat/opencvsharp,2019-12-22 00:00:00+00:00,ok,2013-12-21 00:27:48+00:00,True,True
the-open-agent/openagent,2023-07-22 00:00:00+00:00,ok,2020-05-29 02:45:58+00:00,True,True
kimai/kimai,2020-02-09 00:00:00+00:00,ok,2016-10-20 17:06:34+00:00,True,True
rRemix/APlayer,2024-03-31 00:00:00+00:00,ok,2016-01-14 13:38:47+00:00,True,True
TheAlgorithms/Kotlin,2020-10-08 00:00:00+00:00,ok,2019-03-23 20:03:53+00:00,True,True
PowerShell/PSReadLine,2021-01-10 00:00:00+00:00,ok,2013-05-13 06:39:28+00:00,True,True
dotnet/samples,2020-01-09 00:00:00+00:00,ok,2018-01-30 17:41:39+00:00,True,True
BenSampo/laravel-enum,2020-12-04 00:00:00+00:00,ok,2017-09-07 17:39:25+00:00,True,True
edent/SuperTinyIcons,2022-12-31 00:00:00+00:00,ok,2017-04-13 23:28:34+00:00,True,True
kyverno/kyverno,2020-05-27 00:00:00+00:00,ok,2019-02-04 16:25:48+00:00,True,True
mizzy/serverspec,2025-04-24 00:00:00+00:00,ok,2013-03-24 04:15:25+00:00,True,True
joomla/joomla-cms,2021-08-16 00:00:00+00:00,ok,2011-09-27 02:07:38+00:00,True,True
StackExchange/StackExchange.Redis,2020-03-21 00:00:00+00:00,ok,2014-03-14 14:09:26+00:00,True,True
orientechnologies/orientdb,2021-08-06 00:00:00+00:00,ok,2012-12-09 20:33:47+00:00,True,True
jorgebucaran/hyperapp,2020-01-28 00:00:00+00:00,ok,2017-01-20 05:20:21+00:00,True,True
electron-react-boilerplate/electron-react-boilerplate,2019-12-14 00:00:00+00:00,ok,2015-05-18 09:54:57+00:00,True,True
hazelcast/hazelcast,2021-03-23 00:00:00+00:00,ok,2012-03-21 12:25:18+00:00,True,True
GoogleCloudPlatform/microservices-demo,2020-02-21 00:00:00+00:00,ok,2018-08-03 18:32:18+00:00,True,True
OpenFeign/feign,2024-07-18 00:00:00+00:00,ok,2013-06-26 23:28:16+00:00,True,True
johnxnguyen/Down,2021-03-21 00:00:00+00:00,ok,2016-05-29 00:28:59+00:00,True,True
hanickadot/compile-time-regular-expressions,2022-03-20 00:00:00+00:00,ok,2016-06-25 23:17:18+00:00,True,True
nicolargo/glances,2020-10-01 00:00:00+00:00,ok,2011-12-04 08:49:15+00:00,True,True
killercup/cargo-edit,2019-12-06 00:00:00+00:00,ok,2015-06-18 10:12:57+00:00,True,True
Simple-XX/SimpleKernel,2020-10-02 00:00:00+00:00,ok,2018-03-07 03:36:04+00:00,True,True
Stremio/stremio-web,2020-01-17 00:00:00+00:00,ok,2018-06-04 12:45:05+00:00,True,True
versatica/mediasoup,2021-03-10 00:00:00+00:00,ok,2014-12-12 12:00:36+00:00,True,True
probelabs/goreplay,2021-01-15 00:00:00+00:00,ok,2013-05-30 09:29:07+00:00,True,True
cosmos/cosmos-sdk,2020-01-02 00:00:00+00:00,ok,2016-02-06 07:15:53+00:00,True,True
rhaiscript/rhai,2020-04-18 00:00:00+00:00,ok,2016-02-29 21:22:58+00:00,True,True
TheWidlarzGroup/react-native-video,2022-04-20 00:00:00+00:00,ok,2015-03-31 05:08:38+00:00,True,True
plantuml/plantuml,2021-03-21 00:00:00+00:00,ok,2010-11-04 15:55:50+00:00,True,True
asciidoctor/asciidoctor,2020-11-09 00:00:00+00:00,ok,2012-06-01 19:09:20+00:00,True,True
bootandy/dust,2020-01-30 00:00:00+00:00,ok,2018-03-16 19:49:52+00:00,True,True
thoughtbot/guides,2024-03-14 00:00:00+00:00,ok,2012-07-27 03:15:44+00:00,True,True
electric-sql/electric,2024-07-09 00:00:00+00:00,ok,2022-06-01 14:18:11+00:00,True,True
gothinkster/aspnetcore-realworld-example-app,2020-04-11 00:00:00+00:00,ok,2017-05-16 22:10:31+00:00,True,True
gen2brain/raylib-go,2021-11-11 00:00:00+00:00,ok,2017-01-27 08:31:45+00:00,True,True
d0k3/GodMode9,2020-10-28 00:00:00+00:00,ok,2016-01-22 18:00:30+00:00,True,True
quarkusio/quarkus,2020-01-20 00:00:00+00:00,ok,2018-07-06 00:44:20+00:00,True,True
Kotlin/kotlinx-kover,2023-10-30 00:00:00+00:00,ok,2021-08-10 08:10:42+00:00,True,True
nissl-lab/npoi,2023-04-13 00:00:00+00:00,ok,2013-01-02 00:59:05+00:00,True,True
unikraft/unikraft,2023-08-02 00:00:00+00:00,ok,2019-04-12 14:17:59+00:00,True,True
ionic-team/ionicons,2022-09-30 00:00:00+00:00,ok,2013-10-10 14:34:18+00:00,True,True
openwrt/luci,2021-10-09 00:00:00+00:00,ok,2014-10-09 16:02:20+00:00,True,True
indygreg/PyOxidizer,2020-11-22 00:00:00+00:00,ok,2018-12-18 23:32:13+00:00,True,True
weidai11/cryptopp,2020-12-28 00:00:00+00:00,ok,2015-06-03 21:53:52+00:00,True,True
shadowsocks/shadowsocks-rust,2020-08-06 00:00:00+00:00,ok,2014-10-15 11:02:36+00:00,True,True
reactphp/reactphp,2021-01-24 00:00:00+00:00,ok,2012-05-10 18:00:00+00:00,True,True
sebastianbergmann/object-reflector,2020-02-09 00:00:00+00:00,ok,2017-03-12 15:02:28+00:00,True,True
facebook/flow,2024-03-12 00:00:00+00:00,ok,2014-10-28 17:17:45+00:00,True,True
BehaviorTree/BehaviorTree.CPP,2020-06-02 00:00:00+00:00,ok,2018-10-16 16:19:58+00:00,True,True
Shopify/job-iteration,2021-02-19 00:00:00+00:00,ok,2018-06-13 11:01:27+00:00,True,True
anggrayudi/android-hidden-api,2025-01-17 00:00:00+00:00,ok,2015-09-16 11:58:33+00:00,True,True
jwtk/jjwt,2021-12-14 00:00:00+00:00,ok,2014-09-13 01:06:24+00:00,True,True
clappr/clappr,2024-07-30 00:00:00+00:00,ok,2014-02-14 17:36:40+00:00,True,True
prawnpdf/prawn,2019-11-17 00:00:00+00:00,ok,2008-04-04 22:37:39+00:00,True,True
hashtopolis/server,2022-06-15 00:00:00+00:00,ok,2016-11-10 09:39:10+00:00,True,True
goodrain/rainbond,2020-11-25 00:00:00+00:00,ok,2017-11-05 09:33:39+00:00,True,True
Klipper3d/klipper,2020-08-24 00:00:00+00:00,ok,2016-05-25 15:42:06+00:00,True,True
giampaolo/psutil,2020-05-16 00:00:00+00:00,ok,2014-05-23 14:01:48+00:00,True,True
Humanizr/Humanizer,2025-08-04 00:00:00+00:00,ok,2012-05-03 12:01:45+00:00,True,True
google/sentencepiece,2022-05-31 00:00:00+00:00,ok,2017-03-07 10:03:48+00:00,True,True
go-delve/delve,2020-12-16 00:00:00+00:00,ok,2014-05-20 19:24:43+00:00,True,True
rolling-scopes/rsschool-app,2020-09-07 00:00:00+00:00,ok,2018-05-22 13:18:23+00:00,True,True
google/recaptcha,2023-02-20 00:00:00+00:00,ok,2014-09-30 18:30:39+00:00,True,True
Foso/Ktorfit,2022-04-13 00:00:00+00:00,ok,2019-08-21 19:58:38+00:00,True,True
bobthecow/mustache.php,2024-05-10 00:00:00+00:00,ok,2010-03-19 10:58:58+00:00,True,True
Jrohy/trojan,2021-08-26 00:00:00+00:00,ok,2020-02-22 11:28:01+00:00,True,True
Dotnet-Boxed/Templates,2019-12-29 00:00:00+00:00,ok,2014-10-27 08:57:45+00:00,True,True
digininja/DVWA,2020-08-17 00:00:00+00:00,ok,2013-05-01 13:03:10+00:00,True,True
laravel/scout,2020-02-21 00:00:00+00:00,ok,2016-06-29 22:11:40+00:00,True,True
forem/forem,2020-02-18 00:00:00+00:00,ok,2016-11-13 23:02:13+00:00,True,True
public-activity/public_activity,2022-03-15 00:00:00+00:00,ok,2011-02-28 10:25:44+00:00,True,True
nvbn/thefuck,2021-01-21 00:00:00+00:00,ok,2015-04-08 15:08:04+00:00,True,True
Keats/tera,2025-07-18 00:00:00+00:00,ok,2015-07-17 19:40:53+00:00,True,True
k4yt3x/video2x,2020-05-12 00:00:00+00:00,ok,2018-02-24 16:34:41+00:00,True,True
LibrePDF/OpenPDF,2020-12-05 00:00:00+00:00,ok,2016-07-11 15:50:34+00:00,True,True
darktable-org/darktable,2020-01-13 00:00:00+00:00,ok,2012-03-21 21:53:04+00:00,True,True
xunit/xunit,2020-07-26 00:00:00+00:00,ok,2013-05-06 16:37:13+00:00,True,True
beemdevelopment/Aegis,2020-12-12 00:00:00+00:00,ok,2016-08-15 19:10:31+00:00,True,True
GoogleChrome/chrome-extensions-samples,2023-03-20 00:00:00+00:00,ok,2012-06-13 00:30:44+00:00,True,True
airbnb/ruby,2023-02-09 00:00:00+00:00,ok,2013-02-01 21:49:13+00:00,True,True
apache/storm,2023-03-08 00:00:00+00:00,ok,2013-11-05 08:00:14+00:00,True,True
babel/babel,2019-09-16 00:00:00+00:00,ok,2014-09-28 13:38:23+00:00,True,True
fxn/zeitwerk,2021-04-18 00:00:00+00:00,ok,2019-01-11 15:09:12+00:00,True,True
univrsal/input-overlay,2020-06-21 00:00:00+00:00,ok,2017-08-11 00:59:28+00:00,True,True
w4po/ExplorerTabUtility,2025-01-27 00:00:00+00:00,ok,2023-11-24 11:32:37+00:00,True,True
peek/peek,2019-09-27 00:00:00+00:00,ok,2013-03-09 07:22:46+00:00,True,True
TypeStrong/typedoc,2020-10-23 00:00:00+00:00,ok,2014-05-24 14:40:16+00:00,True,True
troydhanson/uthash,2022-09-25 00:00:00+00:00,ok,2013-01-07 04:41:52+00:00,True,True
carloscuesta/gitmoji,2020-11-03 00:00:00+00:00,ok,2016-10-21 09:36:02+00:00,True,True
spatie/laravel-analytics,2020-03-03 00:00:00+00:00,ok,2015-03-12 08:58:50+00:00,True,True
crater-invoice-inc/crater,2021-03-22 00:00:00+00:00,ok,2019-11-20 07:09:02+00:00,True,True
microsoft/DirectXShaderCompiler,2022-11-21 00:00:00+00:00,ok,2016-12-07 01:42:19+00:00,True,True
ilyakatz/data-migrate,2019-11-21 00:00:00+00:00,ok,2011-04-19 02:47:06+00:00,True,True
hsutter/cppfront,2023-12-16 00:00:00+00:00,ok,2021-09-15 21:01:51+00:00,True,True
retejs/rete,2023-07-13 00:00:00+00:00,ok,2017-02-28 13:17:03+00:00,True,True
traviscross/mtr,2023-07-12 00:00:00+00:00,ok,2013-02-02 06:01:22+00:00,True,True
domaindrivendev/Swashbuckle.AspNetCore,2024-04-03 00:00:00+00:00,ok,2015-03-16 05:49:00+00:00,True,True
acejump/AceJump,2024-09-29 00:00:00+00:00,ok,2012-08-07 07:24:57+00:00,True,True
cryptpad/cryptpad,2025-03-31 00:00:00+00:00,ok,2014-10-31 15:46:17+00:00,True,True
tensorflow/tensorflow,2020-10-05 00:00:00+00:00,ok,2015-11-07 01:19:20+00:00,True,True
studyzy/imewlconverter,2020-03-29 00:00:00+00:00,ok,2012-04-12 04:03:25+00:00,True,True
Free-TV/IPTV,2022-08-04 00:00:00+00:00,ok,2021-04-13 09:13:48+00:00,True,True
sympy/sympy,2020-11-21 00:00:00+00:00,ok,2010-04-30 20:37:14+00:00,True,True
espressif/arduino-esp32,2019-08-20 00:00:00+00:00,ok,2016-10-06 06:04:20+00:00,True,True
react-grid-layout/react-grid-layout,2019-10-09 00:00:00+00:00,ok,2014-12-27 14:28:40+00:00,True,True
openwall/john,2023-12-30 00:00:00+00:00,ok,2011-12-16 19:43:47+00:00,True,True
nanovms/nanos,2024-09-12 00:00:00+00:00,ok,2017-12-23 00:25:34+00:00,True,True
NanmiCoder/MediaCrawler,2024-06-16 00:00:00+00:00,ok,2023-06-09 12:14:34+00:00,True,True
antonioribeiro/health,2021-10-24 00:00:00+00:00,ok,2016-11-26 14:04:16+00:00,True,True
libusb/libusb,2022-01-20 00:00:00+00:00,ok,2013-12-11 22:19:17+00:00,True,True
xyoye/DanDanPlayForAndroid,2021-09-22 00:00:00+00:00,ok,2018-06-28 08:59:05+00:00,True,True
blevesearch/bleve,2020-04-20 00:00:00+00:00,ok,2014-04-17 21:02:18+00:00,True,True
codetriage/CodeTriage,2022-10-18 00:00:00+00:00,ok,2012-07-21 03:54:51+00:00,True,True
westes/flex,2021-06-05 00:00:00+00:00,ok,2013-11-19 10:19:33+00:00,True,True
swiftlang/swift-corelibs-foundation,2025-05-22 00:00:00+00:00,ok,2015-11-09 20:12:23+00:00,True,True
stylus/stylus,2021-07-29 00:00:00+00:00,ok,2010-12-28 22:11:43+00:00,True,True
baidu/braft,2021-10-02 00:00:00+00:00,ok,2018-02-07 11:25:57+00:00,True,True
mkj/dropbear,2021-03-06 00:00:00+00:00,ok,2013-03-19 11:15:36+00:00,True,True
rabbitmq/rabbitmq-server,2020-04-22 00:00:00+00:00,ok,2010-09-20 10:29:16+00:00,True,True
DarkaOnLine/L5-Swagger,2022-01-07 00:00:00+00:00,ok,2015-03-16 09:52:17+00:00,True,True
testing-library/react-testing-library,2020-11-14 00:00:00+00:00,ok,2018-03-19 13:39:49+00:00,True,True
TheAssassin/AppImageLauncher,2020-12-12 00:00:00+00:00,ok,2018-03-18 12:32:33+00:00,True,True
open5gs/open5gs,2022-03-31 00:00:00+00:00,ok,2017-02-01 10:48:49+00:00,True,True
lynndylanhurley/devise_token_auth,2021-12-30 00:00:00+00:00,ok,2014-06-29 22:43:58+00:00,True,True
kubernetes-sigs/external-dns,2019-10-29 00:00:00+00:00,ok,2017-02-09 21:34:27+00:00,True,True
dani-garcia/vaultwarden,2019-12-23 00:00:00+00:00,ok,2018-02-17 22:40:20+00:00,True,True
javalin/javalin,2019-09-18 00:00:00+00:00,ok,2017-04-02 20:01:28+00:00,True,True
hwi/HWIOAuthBundle,2021-01-02 00:00:00+00:00,ok,2012-03-02 11:56:40+00:00,True,True
icsharpcode/AvalonEdit,2021-02-21 00:00:00+00:00,ok,2014-04-10 20:13:07+00:00,True,True
dotansimha/graphql-code-generator,2019-11-15 00:00:00+00:00,ok,2016-12-05 19:15:11+00:00,True,True
JakeWharton/timber,2021-08-06 00:00:00+00:00,ok,2013-07-18 06:23:33+00:00,True,True
dreamhead/moco,2023-09-20 00:00:00+00:00,ok,2012-10-18 09:09:51+00:00,True,True
minimagick/minimagick,2024-06-07 00:00:00+00:00,ok,2008-03-06 01:35:38+00:00,True,True
gleitz/howdoi,2020-08-07 00:00:00+00:00,ok,2012-11-22 08:49:24+00:00,True,True
raphw/byte-buddy,2019-10-17 00:00:00+00:00,ok,2013-11-25 19:38:03+00:00,True,True
elves/elvish,2021-02-10 00:00:00+00:00,ok,2013-06-16 08:43:32+00:00,True,True
flarum/framework,2022-03-11 00:00:00+00:00,ok,2014-12-20 05:12:03+00:00,True,True
whomwah/rqrcode,2019-09-16 00:00:00+00:00,ok,2008-04-03 09:31:15+00:00,True,True
hluk/CopyQ,2020-11-23 00:00:00+00:00,ok,2009-10-21 13:35:38+00:00,True,True
nanocurrency/nano-node,2019-12-17 00:00:00+00:00,ok,2014-05-01 14:49:25+00:00,True,True
misskey-dev/misskey,2020-01-09 00:00:00+00:00,ok,2016-12-25 13:16:07+00:00,True,True
AykutSarac/jsoncrack.com,2023-02-05 00:00:00+00:00,ok,2022-01-30 15:25:18+00:00,True,True
slim-template/slim,2022-10-25 00:00:00+00:00,ok,2010-09-13 01:32:07+00:00,True,True
facebook/zstd,2020-02-10 00:00:00+00:00,ok,2015-01-24 00:22:38+00:00,True,True
castwide/solargraph,2022-05-22 00:00:00+00:00,ok,2017-03-18 13:15:12+00:00,True,True
XorTroll/Goldleaf,2019-11-14 00:00:00+00:00,ok,2018-06-29 02:02:20+00:00,True,True
monkeytypegame/monkeytype,2021-09-30 00:00:00+00:00,ok,2020-05-14 17:41:09+00:00,True,True
testcontainers/testcontainers-java,2019-11-28 00:00:00+00:00,ok,2015-04-12 12:44:59+00:00,True,True
lballabio/QuantLib,2019-12-31 00:00:00+00:00,ok,2015-12-17 16:29:33+00:00,True,True
alibaba/spring-cloud-alibaba,2022-02-22 00:00:00+00:00,ok,2017-12-01 20:49:15+00:00,True,True
scambra/devise_invitable,2022-01-26 00:00:00+00:00,ok,2009-12-09 23:11:54+00:00,True,True
memcached/memcached,2020-05-13 00:00:00+00:00,ok,2009-04-24 23:34:25+00:00,True,True
boardgameio/boardgame.io,2020-06-20 00:00:00+00:00,ok,2017-11-21 23:47:35+00:00,True,True
gopasspw/gopass,2021-01-19 00:00:00+00:00,ok,2017-02-02 12:33:08+00:00,True,True
palkan/logidze,2020-07-10 00:00:00+00:00,ok,2016-04-13 17:12:54+00:00,True,True
wazero/wazero,2021-10-07 00:00:00+00:00,ok,2020-05-04 10:16:32+00:00,True,True
wtfutil/wtf,2019-12-17 00:00:00+00:00,ok,2018-03-29 02:42:12+00:00,True,True
jindrapetrik/jpexs-decompiler,2022-10-02 00:00:00+00:00,ok,2014-05-10 17:20:56+00:00,True,True
namhyung/uftrace,2022-07-20 00:00:00+00:00,ok,2014-02-11 10:44:50+00:00,True,True
reduxjs/redux-toolkit,2020-02-19 00:00:00+00:00,ok,2018-03-03 21:21:53+00:00,True,True
dgraph-io/dgraph,2020-05-07 00:00:00+00:00,ok,2015-08-25 07:15:56+00:00,True,True
Pryaxis/TShock,2019-09-05 00:00:00+00:00,ok,2011-06-03 07:14:27+00:00,True,True
cgriego/active_attr,2020-12-11 00:00:00+00:00,ok,2011-09-29 20:14:06+00:00,True,True
joeyates/imap-backup,2022-02-13 00:00:00+00:00,ok,2012-06-10 11:22:37+00:00,True,True
lisawray/groupie,2023-09-30 00:00:00+00:00,ok,2016-09-01 20:59:35+00:00,True,True
dagger/dagger,2022-08-08 00:00:00+00:00,ok,2019-11-20 01:31:51+00:00,True,True
Genivia/ugrep,2022-11-07 00:00:00+00:00,ok,2019-04-29 01:42:38+00:00,True,True
guzzle/promises,2020-09-19 00:00:00+00:00,ok,2015-02-25 03:30:26+00:00,True,True
rt-bishop/Look4Sat,2021-03-07 00:00:00+00:00,ok,2019-10-13 20:04:01+00:00,True,True
usefathom/fathom,2022-03-26 00:00:00+00:00,ok,2016-11-19 21:34:03+00:00,True,True
swagger-api/swagger-ui,2020-10-23 00:00:00+00:00,ok,2011-07-15 22:56:39+00:00,True,True
rollup/rollup,2019-08-26 00:00:00+00:00,ok,2015-05-14 22:26:28+00:00,True,True
backup/backup,2022-09-01 00:00:00+00:00,ok,2009-10-01 19:28:42+00:00,True,True
keycloak/keycloak,2020-06-09 00:00:00+00:00,ok,2013-07-02 13:38:51+00:00,True,True
ueberdosis/tiptap,2020-08-14 00:00:00+00:00,ok,2018-08-20 19:58:58+00:00,True,True
WinMerge/winmerge,2020-04-09 00:00:00+00:00,ok,2014-11-11 16:38:42+00:00,True,True
laruence/yaf,2021-01-25 00:00:00+00:00,ok,2011-12-13 08:56:42+00:00,True,True
discord-jda/JDA,2021-12-02 00:00:00+00:00,ok,2015-12-12 13:57:32+00:00,True,True
pytest-dev/pytest,2019-12-19 00:00:00+00:00,ok,2015-06-15 20:28:27+00:00,True,True
sql-js/sql.js,2019-10-16 00:00:00+00:00,ok,2012-02-27 03:05:49+00:00,True,True
forwardemail/supertest,2022-10-03 00:00:00+00:00,ok,2012-06-27 20:56:12+00:00,True,True
arendst/Tasmota,2020-08-17 00:00:00+00:00,ok,2017-01-28 13:37:08+00:00,True,True
asb2m10/dexed,2022-06-12 00:00:00+00:00,ok,2013-12-06 04:18:54+00:00,True,True
zufuliu/notepad4,2020-05-23 00:00:00+00:00,ok,2017-01-25 06:07:49+00:00,True,True
firebase/firebase-ios-sdk,2020-01-03 00:00:00+00:00,ok,2017-04-22 00:26:50+00:00,True,True
Z-Siqi/Clash-for-Windows_Chinese,2024-05-30 00:00:00+00:00,ok,2021-04-19 08:13:23+00:00,True,True
libretro/RetroArch,2020-07-16 00:00:00+00:00,ok,2010-05-27 14:47:40+00:00,True,True
errbit/errbit,2022-04-14 00:00:00+00:00,ok,2010-08-04 04:08:34+00:00,True,True
carbon-app/carbon,2019-09-13 00:00:00+00:00,ok,2017-06-16 02:50:28+00:00,True,True
ninja-build/ninja,2019-10-31 00:00:00+00:00,ok,2011-02-06 19:07:12+00:00,True,True
remoteintech/remote-jobs,2020-10-21 00:00:00+00:00,ok,2015-10-13 03:49:25+00:00,True,True
redis/redis-py,2020-06-29 00:00:00+00:00,ok,2009-11-06 10:22:26+00:00,True,True
pydantic/pydantic,2019-12-21 00:00:00+00:00,ok,2017-05-03 21:23:58+00:00,True,True
idea4good/GuiLite,2019-11-14 00:00:00+00:00,ok,2017-09-15 03:40:38+00:00,True,True
zoujingli/ThinkAdmin,2024-08-01 00:00:00+00:00,ok,2017-02-13 07:00:14+00:00,True,True
github/gh-ost,2019-08-11 00:00:00+00:00,ok,2016-03-21 10:08:52+00:00,True,True
eirslett/frontend-maven-plugin,2020-10-04 00:00:00+00:00,ok,2013-08-30 14:44:38+00:00,True,True
air-verse/air,2020-07-24 00:00:00+00:00,ok,2017-10-12 14:31:40+00:00,True,True
tikv/tikv,2020-03-16 00:00:00+00:00,ok,2015-12-31 04:51:32+00:00,True,True
rime/weasel,2023-02-12 00:00:00+00:00,ok,2012-03-20 16:18:15+00:00,True,True
powerline/powerline,2020-09-21 00:00:00+00:00,ok,2012-06-12 12:48:40+00:00,True,True
cakephp/cakephp,2019-09-11 00:00:00+00:00,ok,2010-05-08 14:38:22+00:00,True,True
go-task/task,2019-08-16 00:00:00+00:00,ok,2017-02-27 00:46:04+00:00,True,True
schmittjoh/JMSSerializerBundle,2021-02-08 00:00:00+00:00,ok,2011-04-28 07:04:14+00:00,True,True
glium/glium,2020-12-15 00:00:00+00:00,ok,2014-10-03 17:17:03+00:00,True,True
sequelize/sequelize,2020-12-04 00:00:00+00:00,ok,2010-07-22 07:11:11+00:00,True,True
Tencent/libpag,2022-02-09 00:00:00+00:00,ok,2020-09-22 04:32:20+00:00,True,True
xd009642/tarpaulin,2019-10-13 00:00:00+00:00,ok,2017-04-07 15:37:02+00:00,True,True
travisjeffery/timecop,2021-02-10 00:00:00+00:00,ok,2008-11-07 20:37:52+00:00,True,True
TheAlgorithms/Rust,2021-02-15 00:00:00+00:00,ok,2018-09-13 13:29:27+00:00,True,True
owntracks/android,2020-02-13 00:00:00+00:00,ok,2014-02-03 12:56:26+00:00,True,True
bitcoin-core/secp256k1,2023-08-09 00:00:00+00:00,ok,2014-02-08 17:30:06+00:00,True,True
Neargye/magic_enum,2020-11-24 00:00:00+00:00,ok,2019-03-30 21:25:29+00:00,True,True
chrxh/alien,2021-12-14 00:00:00+00:00,ok,2020-10-19 15:59:01+00:00,True,True
emgucv/emgucv,2020-07-07 00:00:00+00:00,ok,2017-01-04 19:23:13+00:00,True,True
google/gops,2021-02-26 00:00:00+00:00,ok,2016-11-10 23:49:31+00:00,True,True
PaddlePaddle/PaddleFormers,2025-06-25 00:00:00+00:00,ok,2018-12-21 06:00:48+00:00,True,True
probot/probot,2019-12-14 00:00:00+00:00,ok,2016-09-16 20:56:13+00:00,True,True
trakt/showly,2024-01-14 00:00:00+00:00,ok,2019-08-21 13:26:06+00:00,True,True
secdev/scapy,2020-03-09 00:00:00+00:00,ok,2015-10-01 17:06:46+00:00,True,True
immerjs/immer,2021-07-05 00:00:00+00:00,ok,2017-12-29 12:25:47+00:00,True,True
alacritty/alacritty,2020-11-06 00:00:00+00:00,ok,2016-02-18 05:02:30+00:00,True,True
jordansissel/fpm,2022-10-25 00:00:00+00:00,ok,2011-01-03 20:07:59+00:00,True,True
flippercloud/flipper,2021-01-08 00:00:00+00:00,ok,2012-07-22 19:39:38+00:00,True,True
rails/activeresource,2022-01-07 00:00:00+00:00,ok,2012-03-13 21:09:47+00:00,True,True
kittinunf/fuel,2020-04-22 00:00:00+00:00,ok,2015-06-04 04:03:33+00:00,True,True
muesli/beehive,2020-07-24 00:00:00+00:00,ok,2014-06-23 20:46:31+00:00,True,True
mobile-shell/mosh,2022-02-04 00:00:00+00:00,ok,2011-01-09 09:41:02+00:00,True,True
raineorshine/npm-check-updates,2020-05-15 00:00:00+00:00,ok,2013-09-07 01:36:03+00:00,True,True
Sergio0694/ComputeSharp,2021-02-14 00:00:00+00:00,ok,2019-08-10 10:36:29+00:00,True,True
swoft-cloud/swoft,2019-12-18 00:00:00+00:00,ok,2017-04-23 09:14:07+00:00,True,True
geekq/workflow,2022-05-26 00:00:00+00:00,ok,2009-01-23 11:52:34+00:00,True,True
rtomayko/tilt,2022-07-22 00:00:00+00:00,ok,2009-01-29 13:49:29+00:00,True,True
Shubhamsaboo/awesome-llm-apps,2025-05-22 00:00:00+00:00,ok,2024-04-29 05:30:25+00:00,True,True
kanwei/algorithms,2025-04-15 00:00:00+00:00,ok,2008-07-10 09:55:11+00:00,True,True
xiph/flac,2020-04-06 00:00:00+00:00,ok,2014-08-19 05:20:50+00:00,True,True
jsdoc/jsdoc,2020-12-24 00:00:00+00:00,ok,2010-03-13 09:18:03+00:00,True,True
Kunena/Kunena-Forum,2019-08-09 00:00:00+00:00,ok,2011-06-30 00:37:49+00:00,True,True
fyne-io/fyne,2020-09-15 00:00:00+00:00,ok,2018-02-04 22:07:16+00:00,True,True
rayon-rs/rayon,2020-03-06 00:00:00+00:00,ok,2014-10-02 15:38:05+00:00,True,True
antoyo/relm,2021-02-13 00:00:00+00:00,ok,2017-02-10 03:45:15+00:00,True,True
MetaMask/metamask-extension,2020-08-26 00:00:00+00:00,ok,2015-09-06 16:34:48+00:00,True,True
ledermann/rails-settings,2021-12-26 00:00:00+00:00,ok,2009-05-16 07:00:46+00:00,True,True
yrutschle/sslh,2023-06-05 00:00:00+00:00,ok,2013-07-10 21:25:31+00:00,True,True
iluwatar/java-design-patterns,2020-06-14 00:00:00+00:00,ok,2014-08-09 16:45:18+00:00,True,True
ruby-concurrency/concurrent-ruby,2021-05-06 00:00:00+00:00,ok,2013-07-23 12:19:51+00:00,True,True
graphiti-api/graphiti,2022-02-03 00:00:00+00:00,ok,2016-09-22 21:46:19+00:00,True,True
cure53/DOMPurify,2020-04-19 00:00:00+00:00,ok,2014-02-17 21:48:14+00:00,True,True
opentoonz/opentoonz,2020-01-16 00:00:00+00:00,ok,2016-03-18 17:55:48+00:00,True,True
portfolio-performance/portfolio,2019-09-17 00:00:00+00:00,ok,2012-03-24 09:43:08+00:00,True,True
RasaHQ/rasa,2020-02-13 00:00:00+00:00,ok,2016-10-14 12:27:49+00:00,True,True
beeradmoore/dlss-swapper,2024-02-11 00:00:00+00:00,ok,2021-08-07 00:33:57+00:00,True,True
apache/pulsar,2019-12-09 00:00:00+00:00,ok,2016-06-28 07:00:03+00:00,True,True
uber/h3,2020-08-11 00:00:00+00:00,ok,2017-12-21 01:38:35+00:00,True,True
zombocom/wicked,2019-11-05 00:00:00+00:00,ok,2011-12-27 20:25:29+00:00,True,True
kotlin-orm/ktorm,2022-05-13 00:00:00+00:00,ok,2018-11-30 07:28:36+00:00,True,True
transloadit/uppy,2020-11-27 00:00:00+00:00,ok,2015-11-16 12:32:33+00:00,True,True
getgrav/grav,2020-12-04 00:00:00+00:00,ok,2014-08-02 18:29:10+00:00,True,True
symfony/monolog-bundle,2021-09-28 00:00:00+00:00,ok,2011-10-25 05:25:55+00:00,True,True
redis-rs/redis-rs,2021-06-17 00:00:00+00:00,ok,2013-12-29 15:46:50+00:00,True,True
tokio-rs/loom,2020-10-23 00:00:00+00:00,ok,2018-12-15 06:11:47+00:00,True,True
graphql/dataloader,2022-03-25 00:00:00+00:00,ok,2015-09-10 10:05:23+00:00,True,True
splitwise/TokenAutoComplete,2020-08-02 00:00:00+00:00,ok,2013-09-19 20:53:27+00:00,True,True
scylladb/seastar,2024-05-07 00:00:00+00:00,ok,2014-08-18 07:01:07+00:00,True,True
panjf2000/ants,2021-02-18 00:00:00+00:00,ok,2018-05-19 01:13:38+00:00,True,True
swagger-api/swagger-editor,2021-09-03 00:00:00+00:00,ok,2014-05-02 22:47:10+00:00,True,True
karma-runner/karma,2021-10-14 00:00:00+00:00,ok,2011-10-12 07:55:46+00:00,True,True
nhibernate/nhibernate-core,2021-06-08 00:00:00+00:00,ok,2011-08-14 17:51:09+00:00,True,True
saltstack/salt,2020-11-30 00:00:00+00:00,ok,2011-02-20 20:16:56+00:00,True,True
subframe7536/maple-font,2024-12-03 00:00:00+00:00,ok,2022-04-08 15:51:22+00:00,True,True
psf/black,2019-10-28 00:00:00+00:00,ok,2018-03-14 19:54:45+00:00,True,True
yarrick/iodine,2021-08-11 00:00:00+00:00,ok,2012-02-04 19:51:39+00:00,True,True
leandroBorgesFerreira/LoadingButtonAndroid,2023-05-19 00:00:00+00:00,ok,2016-08-11 12:08:46+00:00,True,True
TNG/ArchUnit,2020-01-22 00:00:00+00:00,ok,2017-04-21 08:39:20+00:00,True,True
Spotifyd/spotifyd,2019-09-22 00:00:00+00:00,ok,2014-12-10 21:05:13+00:00,True,True
crosire/reshade,2025-04-18 00:00:00+00:00,ok,2016-06-15 23:02:16+00:00,True,True
eatmoreapple/openwechat,2022-11-12 00:00:00+00:00,ok,2021-01-13 07:37:05+00:00,True,True
troessner/reek,2020-11-29 00:00:00+00:00,ok,2008-09-05 10:48:33+00:00,True,True
be5invis/Sarasa-Gothic,2021-01-28 00:00:00+00:00,ok,2017-06-30 09:17:03+00:00,True,True
bastillion-io/Bastillion,2022-01-08 00:00:00+00:00,ok,2013-02-07 23:11:49+00:00,True,True
bibendi/dip,2021-03-30 00:00:00+00:00,ok,2016-10-06 04:56:38+00:00,True,True
App-vNext/Polly,2022-12-16 00:00:00+00:00,ok,2013-05-05 04:40:04+00:00,True,True
rust-cli/config-rs,2023-03-29 00:00:00+00:00,ok,2017-01-24 03:24:15+00:00,True,True
public-apis/public-apis,2020-03-17 00:00:00+00:00,ok,2016-03-20 23:49:42+00:00,True,True
kamailio/kamailio,2021-03-24 00:00:00+00:00,ok,2013-12-11 08:09:40+00:00,True,True
gorgonia/gorgonia,2020-07-07 00:00:00+00:00,ok,2016-09-14 23:19:43+00:00,True,True
ceres-solver/ceres-solver,2022-03-13 00:00:00+00:00,ok,2014-01-06 06:44:59+00:00,True,True
tmenier/Flurl,2022-08-03 00:00:00+00:00,ok,2014-02-16 23:43:15+00:00,True,True
microsoft/calculator,2024-06-21 00:00:00+00:00,ok,2019-01-28 17:55:49+00:00,True,True
spacejam/sled,2019-10-06 00:00:00+00:00,ok,2016-01-11 04:11:30+00:00,True,True
simplcommerce/SimplCommerce,2021-10-22 00:00:00+00:00,ok,2016-05-21 13:43:01+00:00,True,True
mindoc-org/mindoc,2023-07-03 00:00:00+00:00,ok,2017-04-19 05:37:46+00:00,True,True
vuejs/vuepress,2020-07-25 00:00:00+00:00,ok,2018-04-05 16:58:38+00:00,True,True
OpenCTI-Platform/opencti,2020-11-10 00:00:00+00:00,ok,2018-12-17 22:57:34+00:00,True,True
brave/adblock-rust,2022-04-18 00:00:00+00:00,ok,2019-03-18 19:11:43+00:00,True,True
IronLanguages/ironpython3,2019-10-01 00:00:00+00:00,ok,2014-02-27 21:50:49+00:00,True,True
facebookincubator/velox,2022-10-05 00:00:00+00:00,ok,2021-07-23 23:00:23+00:00,True,True
kubevirt/kubevirt,2025-04-26 00:00:00+00:00,ok,2016-12-16 21:24:26+00:00,True,True
flxzt/rnote,2022-10-24 00:00:00+00:00,ok,2021-08-05 13:04:32+00:00,True,True
vectordotdev/vector,2020-01-30 00:00:00+00:00,ok,2018-08-27 16:57:34+00:00,True,True
dexidp/dex,2019-12-07 00:00:00+00:00,ok,2015-08-17 17:57:06+00:00,True,True
knqyf263/pet,2021-11-16 00:00:00+00:00,ok,2017-03-11 02:42:24+00:00,True,True
ether/etherpad,2020-08-24 00:00:00+00:00,ok,2011-03-26 13:09:02+00:00,True,True
atar-axis/xpadneo,2024-03-10 00:00:00+00:00,ok,2018-01-27 08:49:26+00:00,True,True
smarty-php/smarty,2021-10-13 00:00:00+00:00,ok,2014-10-30 20:15:10+00:00,True,True
reactjs/react-modal,2022-11-24 00:00:00+00:00,ok,2014-09-21 01:30:33+00:00,True,True
rusterlium/rustler,2019-10-19 00:00:00+00:00,ok,2015-08-18 16:25:26+00:00,True,True
fluentassertions/fluentassertions,2021-01-09 00:00:00+00:00,ok,2013-07-28 10:35:25+00:00,True,True
healthchecks/healthchecks,2020-11-20 00:00:00+00:00,ok,2015-06-25 18:38:33+00:00,True,True
gravitational/teleport,2021-10-25 00:00:00+00:00,ok,2015-03-02 19:36:00+00:00,True,True
oclint/oclint,2020-11-21 00:00:00+00:00,ok,2012-12-14 03:48:18+00:00,True,True
owncloud/core,2021-10-25 00:00:00+00:00,ok,2012-08-25 10:32:48+00:00,True,True
oxyplot/oxyplot,2019-11-13 00:00:00+00:00,ok,2014-08-12 22:47:55+00:00,True,True
js-cookie/js-cookie,2022-01-04 00:00:00+00:00,ok,2015-03-19 15:57:47+00:00,True,True
dfranx/SHADERed,2020-03-06 00:00:00+00:00,ok,2018-09-22 23:34:47+00:00,True,True
composer/packagist,2021-01-13 00:00:00+00:00,ok,2011-06-09 20:50:15+00:00,True,True
jhen0409/react-native-debugger,2019-09-04 00:00:00+00:00,ok,2016-05-29 22:40:01+00:00,True,True
ruby-grape/grape,2020-12-29 00:00:00+00:00,ok,2010-08-02 14:25:08+00:00,True,True
googleapis/google-api-ruby-client,2020-10-18 00:00:00+00:00,ok,2012-01-26 21:54:39+00:00,True,True
git-bug/git-bug,2020-07-07 00:00:00+00:00,ok,2018-07-12 07:55:57+00:00,True,True
chillerlan/php-qrcode,2019-11-15 00:00:00+00:00,ok,2015-11-30 20:27:07+00:00,True,True
doorkeeper-gem/doorkeeper,2020-04-01 00:00:00+00:00,ok,2011-11-18 13:02:01+00:00,True,True
cookiecutter/cookiecutter,2020-04-16 00:00:00+00:00,ok,2013-07-14 18:31:22+00:00,True,True
HIllya51/LunaTranslator,2024-04-25 00:00:00+00:00,ok,2022-09-28 03:10:53+00:00,True,True
phpspec/prophecy,2020-12-19 00:00:00+00:00,ok,2013-03-25 11:40:40+00:00,True,True
cakephp/phinx,2020-05-08 00:00:00+00:00,ok,2011-12-27 06:49:45+00:00,True,True
KDE/ghostwriter,2021-01-05 00:00:00+00:00,ok,2015-08-22 09:13:13+00:00,True,True
quay/clair,2020-03-26 00:00:00+00:00,ok,2015-11-13 18:46:16+00:00,True,True
DomT4/homebrew-autoupdate,2021-04-15 00:00:00+00:00,ok,2015-04-22 15:36:13+00:00,True,True
checkpoint-restore/criu,2020-10-20 00:00:00+00:00,ok,2014-01-17 12:53:25+00:00,True,True
OrchardCMS/OrchardCore,2020-11-12 00:00:00+00:00,ok,2014-11-19 22:29:26+00:00,True,True
fankes/TSBattery,2022-11-25 00:00:00+00:00,ok,2021-09-03 20:26:03+00:00,True,True
