treated_repo,control_repo,language,adoption_date,adoption_month,treated_created_at,control_created_at,metadata_distance,treated_pre_commits,control_pre_commits,treated_age_at_index_days,control_age_at_index_days,diff_log_pre_commits,diff_age_days,refined_distance
lc/gau,darjun/go-daily-lib,Go,2021-08-11 00:00:00+00:00,2021-08-01,2020-02-25 01:10:17,2020-01-12 14:48:37,0.2241309455776577,37,36,522,566,0.02666824708216131,44,0.3312712951573567
geokit/geokit,geokit/geokit-rails,Ruby,2021-07-27 00:00:00+00:00,2021-07-01,2008-12-01 05:49:32,2008-12-19 01:56:49,0.4590447986412727,9,10,4594,4576,0.09531017980432477,18,0.43101600110647476
hluk/CopyQ,AutoHotkey/AutoHotkey,C++,2020-11-23 00:00:00+00:00,2020-11-01,2009-10-21 13:35:38,2009-11-25 11:08:21,0.7027642088474594,421,386,4028,3993,0.0865806210062301,35,0.44834823450193456
Xabaril/AspNetCore.Diagnostics.HealthChecks,GhostPack/Seatbelt,C#,2021-10-18 00:00:00+00:00,2021-10-01,2018-09-27 10:50:21,2018-07-24 17:38:51,0.16468584596566188,115,107,1099,1164,0.07145896398214457,65,0.553048662235851
Neargye/magic_enum,0xZ0F/Z0FCourse_ReverseEngineering,C++,2020-11-24 00:00:00+00:00,2020-11-01,2019-03-30 21:25:29,2019-06-03 12:27:17,0.0843060932618034,107,117,581,516,0.08855339734144518,65,0.5974455170017059
BehaviorTree/BehaviorTree.CPP,ShahjalalShohag/code-library,C++,2020-06-02 00:00:00+00:00,2020-06-01,2018-10-16 16:19:58,2018-11-18 08:49:47,0.212171735614627,142,166,593,560,0.15514918215684848,33,0.7097579771853665
elasticsearch-dump/elasticsearch-dump,jagenjo/litegraph.js,JavaScript,2022-07-06 00:00:00+00:00,2022-07-01,2013-12-19 19:42:31,2013-09-26 17:39:05,0.051975639917838816,67,74,3115,3199,0.09798040836020316,84,0.7285813751029793
caarlos0/env,dvyukov/go-fuzz,Go,2020-06-23 00:00:00+00:00,2020-06-01,2015-07-28 02:14:37,2015-04-15 13:07:50,0.5502024763831057,17,17,1769,1873,0.0,104,0.7340987369903889
brave/adblock-rust,trickster0/OffensiveRust,Rust,2022-04-18 00:00:00+00:00,2022-04-01,2019-03-18 19:11:43,2019-05-07 23:12:20,0.3503595913895992,78,95,1109,1059,0.1949003390008146,50,0.913181048311788
wazero/wazero,blushft/go-diagrams,Go,2021-10-07 00:00:00+00:00,2021-10-01,2020-05-04 10:16:32,2020-09-12 19:59:52,0.6017609276639923,5,5,514,383,0.0,131,0.9246820629398167
roslynpad/roslynpad,x360ce/x360ce,C#,2019-09-06 00:00:00+00:00,2019-09-01,2015-04-01 17:42:15,2015-04-19 22:06:26,0.2811454948874992,106,85,1613,1595,0.21848153820839844,18,0.9526346784559107
go-task/task,mickael-kerjean/filestash,Go,2019-08-16 00:00:00+00:00,2019-08-01,2017-02-27 00:46:04,2017-06-13 05:34:14,0.2713522840058502,265,305,884,778,0.14008879317068157,106,0.9624419293488063
digininja/DVWA,top-think/think,PHP,2020-08-17 00:00:00+00:00,2020-08-01,2013-05-01 13:03:10,2013-02-20 03:14:27,1.173885656239666,30,37,2648,2718,0.2035989552412394,70,1.0090630887150824
simplcommerce/SimplCommerce,Unity-Technologies/NavMeshComponents,C#,2021-10-22 00:00:00+00:00,2021-10-01,2016-05-21 13:43:01,2016-09-30 13:32:31,0.7148106521431011,8,9,1958,1826,0.10536051565782634,132,1.03703110545779
RT-Thread/rt-thread,Mbed-TLS/mbedtls,C,2020-12-04 00:00:00+00:00,2020-12-01,2013-01-02 14:49:21,2012-11-14 13:13:13,1.2232843648504663,1426,1791,2889,2938,0.22775797605803927,49,1.0432151399570866
Lambada10/SongSync,aleksey-saenko/MusicRecognizer,Kotlin,2024-07-15 00:00:00+00:00,2024-07-01,2023-05-31 07:39:12,2023-02-01 12:09:49,0.29271401739253067,171,147,396,515,0.15028220304933804,119,1.061744971994308
react-grid-layout/react-grid-layout,t4t5/sweetalert,TypeScript,2019-10-09 00:00:00+00:00,2019-10-01,2014-12-27 14:28:40,2014-09-30 11:12:48,0.027622544407655294,21,17,1738,1826,0.20067069546215155,88,1.0666785026069945
crater-invoice-inc/crater,solstice23/argon-theme,PHP,2021-03-22 00:00:00+00:00,2021-03-01,2019-11-20 07:09:02,2019-08-24 05:46:13,0.949673369952171,279,227,466,554,0.2054439742148082,88,1.0835136371285061
commons-app/apps-android-commons,SimpleMobileTools/Simple-Music-Player,Kotlin,2020-12-21 00:00:00+00:00,2020-12-01,2015-09-07 05:23:27,2016-01-10 12:21:23,1.3856061734769585,352,412,1911,1786,0.15697953602773662,125,1.112956666838228
google/tarpc,weld-project/weld,Rust,2019-12-06 00:00:00+00:00,2019-12-01,2016-02-11 01:07:24,2016-06-13 05:00:24,0.301574192450973,95,76,1388,1265,0.22054276961415198,123,1.2892097327699612
developit/microbundle,gregberge/loadable-components,JavaScript,2020-01-08 00:00:00+00:00,2020-01-01,2017-12-11 21:51:02,2017-06-23 07:51:02,0.11334078373495964,167,148,750,921,0.12001767345779957,171,1.3137333073945976
shadowsocks/shadowsocks-rust,redox-os/redox,Rust,2020-08-06 00:00:00+00:00,2020-08-01,2014-10-15 11:02:36,2015-04-20 17:35:19,0.641088328012442,426,407,2116,1929,0.045516838824463335,187,1.3345403351661207
jaredpalmer/razzle,luin/medis,JavaScript,2019-11-13 00:00:00+00:00,2019-11-01,2016-02-10 18:34:27,2015-10-12 14:19:35,0.14727607837109494,70,54,1359,1480,0.2553466918088443,121,1.3953620055916858
cypriss/mutations,freshshell/fresh,Ruby,2021-01-08 00:00:00+00:00,2021-01-01,2012-10-19 19:38:09,2012-09-03 23:49:29,0.32612902312398195,20,28,2995,3041,0.32277339226305113,46,1.4320947413253213
android/architecture-samples,drakeet/MultiType,Kotlin,2020-09-29 00:00:00+00:00,2020-09-01,2016-02-05 13:42:07,2016-08-03 12:55:32,4.734570719040621,21,25,1669,1489,0.16705408466316607,180,1.4613134866263084
oskardudycz/EventSourcing.NetCore,stefanprodan/AspNetCoreRateLimit,C#,2019-08-28 00:00:00+00:00,2019-08-01,2017-01-28 11:21:53,2016-07-20 20:38:36,0.31949346439299214,31,37,914,1106,0.17185025692665912,192,1.5453822297618907
univrsal/input-overlay,jupyter-xeus/xeus-cling,C++,2020-06-21 00:00:00+00:00,2020-06-01,2017-08-11 00:59:28,2017-04-20 15:35:44,0.3737746995480465,66,92,1024,1137,0.32790687376229055,113,1.6260533689610062
nissl-lab/npoi,NLog/NLog,C#,2023-04-13 00:00:00+00:00,2023-04-01,2013-01-02 00:59:05,2012-09-12 13:49:29,0.12180874640035025,259,186,3740,3852,0.32957301416094076,112,1.6288938410750722
apache/pulsar,material-components/material-components-android,Java,2019-12-09 00:00:00+00:00,2019-12-01,2016-06-28 07:00:03,2016-12-05 16:11:29,0.26374046457897216,1522,1150,1250,1090,0.28005094417327925,160,1.6553094487986502
clue/stream-filter,symfony/polyfill-iconv,PHP,2021-03-29 00:00:00+00:00,2021-03-01,2015-10-17 17:03:11,2015-10-22 12:57:13,0.2727157009166033,14,21,1961,1956,0.382992252256106,5,1.6553998334020152
onnxsim/onnxsim,microsoft/SPTAG,C++,2022-02-26 00:00:00+00:00,2022-02-01,2019-04-01 10:12:34,2018-09-12 10:42:51,0.4336934651568744,25,32,1036,1237,0.2384110234449981,201,1.7533856700675523
remoteintech/remote-jobs,jondot/awesome-react-native,JavaScript,2020-10-21 00:00:00+00:00,2020-10-01,2015-10-13 03:49:25,2015-03-26 19:58:06,0.25828960757827324,112,144,1814,2015,0.24934592370823339,201,1.781560665296011
Zylann/godot_voxel,KDE/kdeconnect-kde,C++,2020-09-07 00:00:00+00:00,2020-09-01,2016-05-01 21:44:28,2015-09-18 13:58:52,0.22006928453626004,313,377,1583,1809,0.18550120971133488,226,1.7853303147309454
subframe7536/maple-font,BlinkDL/RWKV-LM,Python,2024-12-03 00:00:00+00:00,2024-12-01,2022-04-08 15:51:22,2021-08-08 06:05:27,1.0095268505177413,157,137,967,1210,0.13534134786976182,243,1.812217472072896
spatie/laravel-sluggable,rinvex/countries,PHP,2019-12-06 00:00:00+00:00,2019-12-01,2015-12-23 21:49:47,2016-08-18 23:21:22,0.22332620583506138,45,38,1438,1199,0.16507975035944877,239,1.8316390373220337
badoo/MVICore,rosuH/AndroidFilePicker,Kotlin,2022-08-03 00:00:00+00:00,2022-08-01,2018-03-12 21:50:29,2018-11-24 02:53:29,0.33761958442673135,16,14,1602,1345,0.1251631429540061,257,1.8929845831815424
lysine-dev/okio,iSoron/uhabits,Kotlin,2020-05-25 00:00:00+00:00,2020-05-01,2014-03-17 00:02:59,2014-11-08 11:07:12,0.18235559625645462,115,143,2236,2000,0.21622310846963622,236,1.9099889905081584
Shopify/job-iteration,truemail-rb/truemail,Ruby,2021-02-19 00:00:00+00:00,2021-02-01,2018-06-13 11:01:27,2019-03-04 10:29:42,0.19144870604470005,31,35,963,699,0.11778303565638337,264,1.9317399132537374
chrome-php/chrome,rajkumardusad/IP-Tracer,PHP,2020-12-08 00:00:00+00:00,2020-12-01,2017-11-17 12:08:46,2018-08-06 09:02:10,0.35402473437555754,14,12,1109,847,0.14310084364067333,262,1.9500110695824275
godotengine/godot,v8/v8,C++,2020-07-12 00:00:00+00:00,2020-07-01,2014-01-04 16:05:36,2014-09-24 15:24:30,3.1729215045661405,7108,6168,2369,2106,0.14182483671984336,263,1.9549710690498863
ffuf/ffuf,inancgumus/learngo,Go,2020-10-03 00:00:00+00:00,2020-10-01,2018-11-08 09:25:49,2018-10-15 11:12:00,0.8080316531388875,81,51,692,716,0.4554755286828258,24,1.975522402215004
btraceio/btrace,CellularPrivacy/Android-IMSI-Catcher-Detector,Java,2019-10-25 00:00:00+00:00,2019-10-01,2014-08-28 18:58:24,2013-11-23 10:04:14,0.2065381272467653,25,27,1859,2137,0.07410797215372167,278,1.9882620587232538
javalin/javalin,kickstarter/android-oss,Kotlin,2019-09-18 00:00:00+00:00,2019-09-01,2017-04-02 20:01:28,2016-12-12 17:15:41,0.7833742898302657,394,253,881,992,0.4415514978825854,111,2.062677587756305
TNG/ArchUnit,proninyaroslav/libretorrent,Java,2020-01-22 00:00:00+00:00,2020-01-01,2017-04-21 08:39:20,2016-10-18 15:38:44,0.16019892640175765,255,173,984,1169,0.3861221452650332,185,2.1187958474691464
amacneil/dbmate,jpbruinsslot/slack-term,Go,2020-08-07 00:00:00+00:00,2020-08-01,2015-11-25 18:58:30,2016-09-11 15:42:42,0.5767586274829074,28,32,1710,1419,0.1292117314800061,291,2.1286029383077563
alibaba/nacos,yudaocode/SpringBoot-Labs,Java,2020-10-28 00:00:00+00:00,2020-10-01,2018-06-15 06:49:27,2018-09-12 14:51:46,1.1854664257492238,994,615,838,749,0.47949577362507334,89,2.165184900653117
mkj/dropbear,flame/blis,C,2021-03-06 00:00:00+00:00,2021-03-01,2013-03-19 11:15:36,2014-01-22 15:58:24,0.2592886008433168,133,124,2903,2594,0.06952606264860961,309,2.2017156013056445
LibrePDF/OpenPDF,NotFound9/interviewGuide,Java,2020-12-05 00:00:00+00:00,2020-12-01,2016-07-11 15:50:34,2016-04-20 07:17:09,0.13321807678851733,218,131,1603,1685,0.5062698072301304,82,2.263015034273495
reactphp/reactphp,php-fig/log,PHP,2021-01-24 00:00:00+00:00,2021-01-01,2012-05-10 18:00:00,2012-11-30 09:49:24,0.849214109660379,8,5,3157,2953,0.4054651081081646,204,2.26792236750263
prontolabs/pronto,airbnb/synapse,Ruby,2021-02-06 00:00:00+00:00,2021-02-01,2013-07-02 17:58:41,2012-11-09 03:03:06,0.6150227555203472,21,31,2770,3005,0.3746934494414105,235,2.318024852024302
doctrine/dbal,symfony/console,PHP,2020-04-14 00:00:00+00:00,2020-04-01,2010-05-20 17:01:42,2011-02-22 18:00:31,1.0096853999391155,565,423,3603,3325,0.2888606229712254,278,2.325675309838628
jsdecena/laracom,summerblue/laravel-shop,PHP,2022-02-01 00:00:00+00:00,2022-02-01,2017-08-15 04:38:27,2018-06-12 00:36:45,0.3350896461318281,65,51,1630,1329,0.23841102344499765,301,2.3612596905622945
benfred/py-spy,pingcap/talent-plan,Rust,2021-01-16 00:00:00+00:00,2021-01-01,2018-08-01 02:22:15,2019-01-22 01:29:49,0.9096316661259845,79,49,883,709,0.47000362924573524,174,2.373509920655494
bkeepers/dotenv,square/maximum-awesome,Ruby,2021-04-08 00:00:00+00:00,2021-04-01,2012-07-24 03:38:51,2013-06-18 00:14:21,0.846112894864603,8,7,3172,2843,0.11778303565638382,329,2.377414870076026
johnxnguyen/Down,swiftlang/swift-corelibs-libdispatch,C,2021-03-21 00:00:00+00:00,2021-03-01,2016-05-29 00:28:59,2015-11-09 20:13:55,0.2633150616279169,27,17,1736,1938,0.4418327522790393,202,2.3829451164660354
tilo/smarter_csv,mlandauer/cuttlefish,Ruby,2022-06-21 00:00:00+00:00,2022-06-01,2012-07-29 22:12:24,2013-03-30 21:30:54,0.13474407683756018,31,46,3593,3349,0.3844116989103319,244,2.39286246751137
go-mysql-org/go-mysql,kardianos/service,Go,2021-04-08 00:00:00+00:00,2021-04-01,2014-02-21 01:56:45,2015-01-06 00:12:22,0.4875464641485704,25,20,2595,2276,0.21357410029805912,319,2.433507630193667
winfsp/winfsp,mackron/miniaudio,C,2020-02-22 00:00:00+00:00,2020-02-01,2016-05-18 21:05:28,2016-10-21 03:17:26,0.3972632162568325,221,369,1353,1197,0.5108256237659905,156,2.46683455219172
k4yt3x/video2x,trojan-gfw/trojan,C++,2020-05-12 00:00:00+00:00,2020-05-01,2018-02-24 16:34:41,2017-10-21 16:07:42,0.5449362293311594,146,85,796,922,0.5360852905252287,126,2.48144609931642
php-ds/ext-ds,Imangazaliev/DiDOM,PHP,2021-01-21 00:00:00+00:00,2021-01-01,2016-02-01 08:05:07,2015-08-15 16:18:34,0.43200278790733065,19,11,1795,1965,0.5108256237659905,170,2.5125030095454246
symfony/css-selector,symfony/finder,PHP,2024-04-18 00:00:00+00:00,2024-04-01,2011-02-22 18:01:24,2011-02-22 18:03:01,0.2772373340608102,23,42,4786,4786,0.5831462853456166,0,2.5199487402232386
home-assistant/android,hegaojian/JetpackMvvm,Kotlin,2020-07-05 00:00:00+00:00,2020-07-01,2019-04-02 05:52:50,2019-12-21 08:41:45,0.464342010950826,175,116,455,192,0.40831006024039507,263,2.5611552915567066
Kotlin/kotlinx-kover,caydey/ffshare,Kotlin,2023-10-30 00:00:00+00:00,2023-10-01,2021-08-10 08:10:42,2022-08-11 16:31:51,0.8200113577768575,61,60,781,415,0.016260520871780315,366,2.584418261859262
Netflix/eureka,code4craft/webmagic,Java,2021-08-17 00:00:00+00:00,2021-08-01,2012-07-26 22:23:07,2013-04-23 12:57:36,0.1715929399930034,45,68,3292,3021,0.4054651081081646,271,2.594057462093886
xiph/flac,cgsecurity/testdisk,C,2020-04-06 00:00:00+00:00,2020-04-01,2014-08-19 05:20:50,2015-06-13 15:18:03,0.267338275809371,86,123,2051,1753,0.35437344695045336,298,2.601855224164679
DapperLib/Dapper,SignalR/SignalR,C#,2020-10-16 00:00:00+00:00,2020-10-01,2011-04-14 08:42:59,2011-07-22 03:52:19,1.143155857398499,33,18,3457,3358,0.5819215454497213,99,2.6099473836174063
ElectronNET/Electron.NET,davidfowl/AspNetCoreDiagnosticScenarios,C#,2023-04-03 00:00:00+00:00,2023-04-01,2017-10-03 12:30:29,2018-10-10 05:59:35,0.17409231703698208,14,17,2005,1633,0.18232155679395445,372,2.741465908151124
SanderMertens/flecs,RMerl/asuswrt-merlin.ng,C,2020-06-25 00:00:00+00:00,2020-06-01,2018-08-26 05:53:05,2017-09-05 21:10:42,0.6321432419781421,431,574,644,999,0.28594445255323997,355,2.79391420197783
keycloak/keycloak,chinabugotech/hutool,Java,2020-06-09 00:00:00+00:00,2020-06-01,2013-07-02 13:38:51,2014-04-13 07:23:51,0.314034168026332,1142,728,2525,2240,0.44973793178615207,285,2.797140064840928
natemcmaster/CommandLineUtils,digimezzo/dopamine-windows,C#,2021-01-10 00:00:00+00:00,2021-01-01,2017-08-15 18:32:24,2016-07-13 21:34:42,0.16344861130276594,72,76,1234,1632,0.05334598070529317,398,2.818781492552703
alibaba/COLA,zhisheng17/flink-learning,Java,2022-07-13 00:00:00+00:00,2022-07-01,2018-02-06 13:46:27,2019-01-01 07:38:28,0.32814509977204015,43,64,1605,1276,0.3901976359773758,329,2.8698748165751
tui-cs/Terminal.Gui,lucasg/Dependencies,C#,2020-05-20 00:00:00+00:00,2020-05-01,2017-12-11 03:23:45,2017-06-25 15:00:10,0.21903969282631394,99,53,871,1040,0.6161861394238173,169,2.9177274215352917
github/gh-ost,gizak/termui,Go,2019-08-11 00:00:00+00:00,2019-08-01,2016-03-21 10:08:52,2015-02-03 14:09:27,0.6793263568540169,124,136,1227,1639,0.09166718852582356,412,2.9350142795359484
chalk/chalk,ovity/octotree,JavaScript,2021-01-02 00:00:00+00:00,2021-01-01,2013-08-03 00:20:12,2014-05-09 18:15:20,0.5969747069059601,16,28,2707,2428,0.534082485930258,279,3.0339613127632425
android/wear-os-samples,AndroidCoderPeng/DailyTask,Kotlin,2020-09-24 00:00:00+00:00,2020-09-01,2019-06-14 21:24:27,2019-12-25 09:32:01,0.928464942444424,47,89,444,250,0.6286086594223743,194,3.0420468700165464
DatabaseCleaner/database_cleaner,awesome-print/awesome_print,Ruby,2022-01-14 00:00:00+00:00,2022-01-01,2009-03-05 06:08:15,2010-04-03 04:45:43,0.7687261438985763,19,14,4684,4290,0.2876820724517808,394,3.0463077008077537
matthiasmullie/minify,Torann/laravel-geoip,PHP,2022-03-15 00:00:00+00:00,2022-03-01,2012-10-09 09:29:58,2013-12-11 22:22:25,0.18393093885281245,8,6,3429,3001,0.25131442828090633,428,3.2103648964724485
cosmos/cosmos-sdk,golang/tools,Go,2020-01-02 00:00:00+00:00,2020-01-01,2016-02-06 07:15:53,2014-11-25 21:07:26,0.759956083682766,1031,1292,1424,1862,0.22546643273034928,438,3.241572431346686
vovgou/loxodon-framework,FakeFishGames/Barotrauma,C#,2021-11-20 00:00:00+00:00,2021-11-01,2017-01-02 03:25:02,2017-06-04 08:45:23,0.19218076501299375,29,60,1763,1610,0.7096764825111559,153,3.2513277770554385
crosire/reshade,chromiumembedded/cef,C++,2025-04-18 00:00:00+00:00,2025-04-01,2016-06-15 23:02:16,2017-04-02 18:19:23,0.21323258741305698,416,229,3211,2920,0.5950069128756059,291,3.2909363234332343
ridgepole/ridgepole,SciRuby/daru,Ruby,2020-08-09 00:00:00+00:00,2020-08-01,2014-06-29 08:12:33,2014-10-04 08:23:21,0.12499795211977763,50,23,2224,2127,0.75377180237638,97,3.328456326689592
eventmachine/eventmachine,rest-client/rest-client,Ruby,2020-03-06 00:00:00+00:00,2020-03-01,2008-08-17 18:35:57,2009-12-07 19:34:29,0.6551971470379959,15,15,4213,3736,0.0,477,3.3669720917732255
carloscuesta/gitmoji,utterance/utterances,TypeScript,2020-11-03 00:00:00+00:00,2020-11-01,2016-10-21 09:36:02,2017-04-23 04:02:12,1.251266868334588,110,53,1471,1287,0.7205461547480594,184,3.3737144254623104
rusterlium/rustler,PistonDevelopers/piston,Rust,2019-10-19 00:00:00+00:00,2019-10-01,2015-08-18 16:25:26,2014-04-24 09:18:05,0.04451863046951601,97,101,1504,1985,0.04000533461369837,481,3.399604978131591
laravel/horizon,mpociot/laravel-apidoc-generator,PHP,2020-02-21 00:00:00+00:00,2020-02-01,2017-07-14 15:26:27,2016-05-03 20:20:16,0.3559472842436634,315,453,931,1368,0.36235498445443604,437,3.4593044000873783
matz/streem,emojicode/emojicode,C,2020-12-26 00:00:00+00:00,2020-12-01,2014-12-11 08:07:50,2015-12-31 19:34:43,0.6375965072603129,16,27,2181,1796,0.49899116611898764,385,3.469122234385241
vuejs/vuepress,haizlin/fe-interview,JavaScript,2020-07-25 00:00:00+00:00,2020-07-01,2018-04-05 16:58:38,2019-04-17 03:05:58,0.4765027349561034,316,535,817,440,0.5252323871935216,377,3.4975659861792656
emgucv/emgucv,googleprojectzero/sandbox-attacksurface-analysis-tools,C#,2020-07-07 00:00:00+00:00,2020-07-01,2017-01-04 19:23:13,2015-10-23 03:04:22,0.28517953714412353,483,726,1273,1712,0.4068415708168871,439,3.562733558028914
google-deepmind/lab,stanfordnlp/GloVe,C,2020-11-17 00:00:00+00:00,2020-11-01,2016-11-30 13:41:26,2015-09-01 17:21:18,0.10394461406751047,28,41,1431,1887,0.37037378829689427,456,3.594701205333195
tvheadend/tvheadend,libopencm3/libopencm3,C,2022-04-11 00:00:00+00:00,2022-04-01,2010-12-30 12:45:11,2012-04-18 16:51:38,0.17027514383899353,64,46,4109,3634,0.32423966818557837,475,3.6338434043862726
beeradmoore/dlss-swapper,Ponderfly/GoogleTranslateIpCheck,C#,2024-02-11 00:00:00+00:00,2024-02-01,2021-08-07 00:33:57,2022-10-26 15:40:36,1.1412272489511968,52,33,907,462,0.4439313889359604,445,3.6805686127282806
TheAlgorithms/Kotlin,naman14/TimberX,Kotlin,2020-10-08 00:00:00+00:00,2020-10-01,2019-03-23 20:03:53,2018-05-13 19:22:32,0.18899190107086958,15,7,557,871,0.6931471805599454,314,3.7261619784443067
KhronosGroup/Vulkan-Samples,XiaoMi/mace,C++,2020-11-05 00:00:00+00:00,2020-11-01,2019-10-29 16:10:56,2018-06-27 03:50:12,0.09422605885980112,129,188,368,857,0.3742125646040604,489,3.81169597123619
testing-library/react-testing-library,zhaoolee/ChineseBQB,JavaScript,2020-11-14 00:00:00+00:00,2020-11-01,2018-03-19 13:39:49,2019-05-08 05:39:41,0.44515554058691975,104,196,957,542,0.6292433785804654,415,3.9968458908302127
elves/elvish,alda-lang/alda,Go,2021-02-10 00:00:00+00:00,2021-02-01,2013-06-16 08:43:32,2014-08-26 04:07:53,0.15557292597499034,656,354,2786,2350,0.615566229009195,436,4.0678326781115395
jboss-javassist/javassist,JetBrains/fernflower,Java,2021-05-06 00:00:00+00:00,2021-05-01,2013-05-24 08:31:32,2014-10-03 05:00:15,0.04230782685129791,16,29,2898,2401,0.5679840376059393,497,4.281506554754683
conventional-changelog/conventional-changelog,yiminghe/async-validator,TypeScript,2019-11-28 00:00:00+00:00,2019-11-01,2014-01-04 21:18:33,2015-03-10 03:04:31,0.15555511797353183,136,61,2126,1696,0.7928465407830334,430,4.5772125821148295
